,Time,HeadYaw,HeadPitch,LShoulderPitch,LShoulderRoll,LElbowYaw,LElbowRoll,LWristYaw,LHand,RShoulderPitch,RShoulderRoll,RElbowYaw,RElbowRoll,RWristYaw,RHand,LHipYawPitch,LHipRoll,LHipPitch,LKneePitch,LAnklePitch,LAnkleRoll,RHipYawPitch,RHipRoll,RHipPitch,RKneePitch,RAnklePitch,RAnkleRoll
66,3.4999847399999453,0.0,0.0,0.930798590183,0.114730343223,-0.720726549625,-0.417970746756,0.0703920423985,0.0,0.908945679665,-0.0911702737212,0.826949834824,0.355230510235,0.108886547387,0.0,-0.0938109531999,0.0377549044788,0.132560074329,-0.0571028925478,0.0357672050595,-0.0444738268852,-0.0938109531999,-0.069626070559,0.116061076522,-0.0464085787535,0.039689656347,0.0638746395707
67,23.500084875000084,0.0,0.0,0.948581516743,0.116881631315,-0.734485387802,-0.425275802612,0.0717361941934,0.0,0.926320612431,-0.0928793773055,0.842733860016,0.361340552568,0.110965766013,0.0,-0.0955355539918,0.0384489819407,0.134997040033,-0.0581526570022,0.0364247411489,-0.0452914200723,-0.0955355539918,-0.0709060579538,0.118194714189,-0.0472617410123,0.0404193028808,0.0650488957763
68,48.500061035000044,0.0,0.0,0.97446513176,0.120080187917,-0.75516730547,-0.436140447855,0.0737384110689,0.0,0.951613306999,-0.0954720154405,0.866413116455,0.37043389678,0.114062912762,0.0,-0.098101593554,0.0394817069173,0.138622999191,-0.059714615345,0.0374030955136,-0.0465079322457,-0.098101593554,-0.0728105679154,0.121369376779,-0.0485311746597,0.0415049493313,0.066796079278
69,73.500037195,0.0,0.0,0.991028308868,0.122317992151,-0.769005477428,-0.443305552006,0.075062841177,0.0,0.967797994614,-0.0973530635238,0.882216989994,0.376436799765,0.116111621261,0.0,-0.0997970625758,0.0401640571654,0.141018778086,-0.0607466474175,0.0380495227873,-0.0473117157817,-0.0997970625758,-0.0740689337254,0.123466968536,-0.0493699274957,0.0422222688794,0.067950502038
70,98.50001335000002,0.0,0.0,1.01611936092,0.125841125846,-0.789419531822,-0.453969836235,0.0770321637392,0.0,0.99229067564,-0.10030233115,0.905574560165,0.385367631912,0.119157873094,0.0,-0.10231512785,0.041177470237,0.144576951861,-0.0622793994844,0.0390095822513,-0.0485054776073,-0.10231512785,-0.0759378299117,0.1265822649,-0.050615619868,0.0432876162231,0.0696650221944
71,119.5000410099999,0.0,0.0,1.03288209438,0.128240212798,-0.802833199501,-0.46101719141,0.0783324539661,0.0,1.00864326954,-0.10230691731,0.920940101147,0.391268253326,0.121169239283,0.0,-0.103975750506,0.0418458022177,0.146923497319,-0.0632902234793,0.0396427251399,-0.049292743206,-0.103975750506,-0.0771703347564,0.1286367625,-0.0514371357858,0.0439901910722,0.0707957148552
72,144.50001716499992,0.0,0.0,1.05794084072,0.131852418184,-0.822685241699,-0.471483558416,0.0802622362971,0.0,1.03307974339,-0.105322830379,0.943696141243,0.400030970573,0.124154344201,0.0,-0.106437258422,0.0428364537656,0.150401756167,-0.0647885501385,0.0405812226236,-0.0504596978426,-0.106437258422,-0.0789972618222,0.131682097912,-0.052654851228,0.0450316108763,0.0724717229605
73,165.00008105999996,0.0,0.0,1.07453715801,0.134247973561,-0.835744857788,-0.478384882212,0.0815339684486,0.0,1.04926025867,-0.107322134078,0.958672523499,0.405808836222,0.126121535897,0.0,-0.108057327569,0.0434884615242,0.152690991759,-0.0657746866345,0.0411989055574,-0.0512277334929,-0.108057327569,-0.0801996663213,0.133686408401,-0.0534563027322,0.0457170307636,0.0735748037696
74,190.50002098000004,0.0,0.0,1.09101581573,0.136622235179,-0.84866297245,-0.485220164061,0.0827930346131,0.0,1.06532406807,-0.109303280711,0.973489820957,0.411531418562,0.128069147468,0.0,-0.109659567475,0.0441332943738,0.154955044389,-0.0667499750853,0.0418097898364,-0.05198732391,-0.109659567475,-0.0813888460398,0.135668665171,-0.0542489364743,0.0463949106634,0.0746657550335
75,211.00008487500008,0.0,0.0,1.10735726357,0.138968810439,-0.861435949802,-0.491985231638,0.0840387418866,0.0,1.08125317097,-0.111260965466,0.988142907619,0.417195320129,0.129996076226,0.0,-0.111243076622,0.0447705872357,0.157192632556,-0.0677138566971,0.0424135327339,-0.0527380332351,-0.111243076622,-0.0825641155243,0.137627750635,-0.0550323054194,0.0470648631454,0.0757439434528
76,231.50002956499998,0.0,0.0,1.12354528904,0.141283035278,-0.87405872345,-0.498675972223,0.0852703750134,0.0,1.09703218937,-0.113191321492,1.00262546539,0.42279702425,0.131901234388,0.0,-0.112806931138,0.0453999750316,0.159402444959,-0.068665780127,0.0430097803473,-0.0534794256091,-0.112806931138,-0.0837248042226,0.139562517405,-0.0558059476316,0.0477265007794,0.0768087506294
77,252.00009346000002,0.0,0.0,1.1395663023,0.143561437726,-0.886525571346,-0.505288362503,0.0864872261882,0.0,1.11264801025,-0.115091398358,1.01693034172,0.428333193064,0.133783534169,0.0,-0.114350222051,0.0460210852325,0.161583200097,-0.069605179131,0.04359818995,-0.0542110651731,-0.114350222051,-0.0848702266812,0.141471847892,-0.0565694198012,0.0483794398606,0.0778595581651
78,277.00006962,0.0,0.0,1.16325688362,0.146906033158,-0.904919505119,-0.515051066875,0.0882832407951,0.0,1.1357396841,-0.117879800498,1.03803825378,0.436507105827,0.136561721563,0.0,-0.116624601185,0.0469364263117,0.16479703784,-0.0709896013141,0.0444653406739,-0.0552893057466,-0.116624601185,-0.0865582600236,0.144285678864,-0.0576945617795,0.04934168607,0.0794081538916
79,298.0000972749999,0.0,0.0,1.17880678177,0.149084031582,-0.916968107224,-0.521449923515,0.0894600525498,0.0,1.15089654922,-0.119694925845,1.05186569691,0.441864609718,0.138382077217,0.0,-0.118112489581,0.0475352331996,0.166899487376,-0.0718952789903,0.0450326241553,-0.0559946782887,-0.118112489581,-0.0876625627279,0.146126449108,-0.0584306232631,0.0499711818993,0.0804212316871
80,323.0000734350001,0.0,0.0,1.19414889812,0.151218578219,-0.928837418556,-0.527756392956,0.0906196087599,0.0,1.16585123539,-0.121473237872,1.06548810005,0.447144776583,0.140175744891,0.0,-0.119576610625,0.0481244809926,0.168968379498,-0.0727864950895,0.0455908477306,-0.0566887892783,-0.119576610625,-0.0887492224574,0.147937834263,-0.0591549314559,0.0505906231701,0.0814181342721
81,343.50001812000005,0.0,0.0,1.20927238464,0.153308168054,-0.940520346165,-0.533966600895,0.0917612090707,0.0,1.1805934906,-0.12321344763,1.0788974762,0.452344298363,0.141941636801,0.0,-0.121016055346,0.0487037971616,0.171002388,-0.0736626833677,0.046139664948,-0.057371199131,-0.121016055346,-0.0898175761104,0.149718686938,-0.059867028147,0.0511996261775,0.0823982357979
82,364.0000820150001,0.0,0.0,1.22310912609,0.155322030187,-0.952216804028,-0.540512442589,0.0928841382265,0.0,1.19511306286,-0.124914377928,1.09208548069,0.457459867001,0.14367865026,0.0,-0.122429907322,0.0492728129029,0.173000246286,-0.0745232999325,0.0466787219048,-0.0580414794385,-0.122429907322,-0.0908669307828,0.151467874646,-0.0605664663017,0.0517977997661,0.0833609104156
83,389.00005817500005,0.0,0.0,1.2421579361,0.158479183912,-0.969669759274,-0.550531804562,0.0945319905877,0.0,1.21444964409,-0.127382427454,1.11173462868,0.465852618217,0.146227642894,0.0,-0.124500706792,0.0501062199473,0.175926402211,-0.0757837966084,0.04746825248,-0.0590232014656,-0.124500706792,-0.0924038663507,0.15402983129,-0.0615908950567,0.0526739172637,0.0847708880901
84,414.4999980949999,0.0,0.0,1.26099979877,0.161811649799,-0.986614108086,-0.560073971748,0.0961338728666,0.0,1.23260891438,-0.130062267184,1.13097429276,0.474182873964,0.148705527186,0.0,-0.126508787274,0.0509143844247,0.178763926029,-0.0770061165094,0.0482338704169,-0.0599751882255,-0.126508787274,-0.0938942581415,0.156514182687,-0.0625842958689,0.0535234995186,0.0861381590366
85,439.50009346,0.0,0.0,1.27337384224,0.164075642824,-0.997619628906,-0.566220581532,0.0971750691533,0.0,1.24457752705,-0.13193975389,1.14347159863,0.479500174522,0.150316119194,0.0,-0.127811133862,0.0514385253191,0.180604219437,-0.0777988657355,0.0487304180861,-0.0605926066637,-0.127811133862,-0.0948608517647,0.158125430346,-0.0632285773754,0.0540744997561,0.0870249122381
86,465.0000333800001,0.0,0.0,1.29157996178,0.167481184006,-1.01367926598,-0.575150609016,0.098695024848,0.0,1.26222813129,-0.134819209576,1.16170501709,0.487188577652,0.152667269111,0.0,-0.129707828164,0.0522018633783,0.183284342289,-0.0789533779025,0.0494535677135,-0.0614917874336,-0.129707828164,-0.0962685719132,0.160471975803,-0.0641668736935,0.0548769533634,0.0883163437247
87,485.5000972749999,0.0,0.0,1.30344843864,0.169736355543,-1.02407848835,-0.580917716026,0.099679403007,0.0,1.27375388145,-0.136752128601,1.17350888252,0.492140322924,0.15418997407,0.0,-0.130933061242,0.0526949688792,0.185015678406,-0.0796991884708,0.0499207116663,-0.0620726495981,-0.130933061242,-0.0971779376268,0.161987826228,-0.0647730007768,0.0553953275084,0.0891505926847
88,510.5000734350001,0.0,0.0,1.31508100033,0.171966955066,-1.03422474861,-0.586536586285,0.100639812648,0.0,1.28506159782,-0.138679251075,1.18502295017,0.496958881617,0.155675590038,0.0,-0.132125854492,0.0531750172377,0.186701148748,-0.0804252400994,0.0503754876554,-0.0626381263137,-0.132125854492,-0.0980632156134,0.163463518023,-0.0653630793095,0.0558999739587,0.0899627506733
89,531.00001812,0.0,0.0,1.32646250725,0.174165159464,-1.04411125183,-0.592005610466,0.101575553417,0.0,1.29613447189,-0.140590429306,1.19623994827,0.501645326614,0.157123044133,0.0,-0.133285284042,0.0536416359246,0.188339501619,-0.0811309888959,0.0508175417781,-0.0631877854466,-0.133285284042,-0.0989237427711,0.164897948503,-0.0659366548061,0.0563905090094,0.0907521918416
90,551.5000820149999,0.0,0.0,1.33715879917,0.176271334291,-1.05383682251,-0.59741717577,0.102485917509,0.0,1.30695772171,-0.142477959394,1.20715212822,0.506198585033,0.158531248569,0.0,-0.134410455823,0.0540944673121,0.189929410815,-0.0818158760667,0.0512465313077,-0.0637212023139,-0.134410455823,-0.0997588336468,0.166289970279,-0.066493280232,0.0568665452302,0.0915182977915
91,572.000026705,0.0,0.0,1.34728300571,0.178351089358,-1.06335556507,-0.602733254433,0.103370189667,0.0,1.31751811504,-0.144335776567,1.2177516222,0.51061630249,0.15989908576,0.0,-0.13550041616,0.0545331351459,0.191469609737,-0.0824793428183,0.0516621060669,-0.0642379373312,-0.13550041616,-0.100567810237,0.167638465762,-0.0670324936509,0.0573276914656,0.0922604501247
92,597.50008583,0.0,0.0,1.36216580868,0.181515723467,-1.07703590393,-0.61034154892,0.104646146297,0.0,1.33210504055,-0.147009730339,1.23320615292,0.517148554325,0.161872819066,0.0,-0.13706740737,0.0551637783647,0.193683832884,-0.0834331661463,0.0522595457733,-0.0649808123708,-0.13706740737,-0.101730816066,0.169577106833,-0.0678076818585,0.0579906515777,0.0933273881674
93,622.5000619900002,0.0,0.0,1.37182796001,0.183624863625,-1.08576154709,-0.615175783634,0.105462118983,0.0,1.34137010574,-0.148794934154,1.24310660362,0.521338582039,0.163135007024,0.0,-0.138065412641,0.0555654317141,0.195094078779,-0.0840406566858,0.0526400543749,-0.0654539465904,-0.138065412641,-0.102471530437,0.17081181705,-0.0683013945818,0.0584128908813,0.0940069109201
94,647.500038145,0.0,0.0,1.38585710526,0.18674762547,-1.09825468063,-0.622072696686,0.106632299721,0.0,1.35489964485,-0.151483461261,1.25726246834,0.527293384075,0.164945110679,0.0,-0.139490157366,0.0561388321221,0.197107315063,-0.0849079042673,0.0531832650304,-0.066129386425,-0.139490157366,-0.10352896899,0.172574490309,-0.0690062269568,0.0590156726539,0.0949770063162
95,667.9999828350001,0.0,0.0,1.39486634731,0.188784390688,-1.1061809063,-0.626433074474,0.10737555474,0.0,1.36362409592,-0.153260722756,1.26623487473,0.531048178673,0.166094809771,0.0,-0.140390485525,0.0565011762083,0.198379531503,-0.0854559317231,0.0535265319049,-0.0665562152863,-0.140390485525,-0.104197189212,0.173688352108,-0.0694516152143,0.0593965835869,0.0955900251865
96,689.00001049,0.0,0.0,1.40357804298,0.190773919225,-1.11377906799,-0.630601108074,0.108088478446,0.0,1.37208116055,-0.155011594296,1.27483129501,0.534632086754,0.167197614908,0.0,-0.141250133514,0.0568471513689,0.199594274163,-0.0859792083502,0.053854290396,-0.0669637620449,-0.141250133514,-0.104835219681,0.174751907587,-0.0698768943548,0.0597602874041,0.0961753502488
97,713.9999866500002,0.0,0.0,1.41197478771,0.192708596587,-1.12104308605,-0.634574234486,0.108770363033,0.0,1.38024866581,-0.156726181507,1.28304600716,0.538044333458,0.168252408504,0.0,-0.142068207264,0.0571763888001,0.200750246644,-0.0864771679044,0.0541661977768,-0.0673515871167,-0.142068207264,-0.105442389846,0.175764009356,-0.0702815949917,0.0601064004004,0.0967323631048
98,734.0000867849999,0.0,0.0,1.42004084587,0.194582119584,-1.12796604633,-0.638349413872,0.109420515597,0.0,1.38810765743,-0.158396333456,1.29087257385,0.541283428669,0.169258102775,0.0,-0.142843782902,0.0574885234237,0.201846167445,-0.0869492590427,0.0544618964195,-0.0677192732692,-0.142843782902,-0.106018014252,0.176723524928,-0.0706652700901,0.0604345276952,0.0972604453564
99,754.5000314700001,0.0,0.0,1.43148827553,0.197266384959,-1.13769555092,-0.643633961678,0.110334686935,0.0,1.3992805481,-0.160803750157,1.30186891556,0.545812904835,0.17067219317,0.0,-0.143925443292,0.0579238496721,0.203374639153,-0.0876076743007,0.054874304682,-0.0682320743799,-0.143925443292,-0.106820829213,0.178061753511,-0.0712003782392,0.0608921647072,0.097996942699
100,775.50005913,0.0,0.0,1.43866550922,0.198965534568,-1.14373457432,-0.646899998188,0.110902406275,0.0,1.4062962532,-0.162335515022,1.30869269371,0.548609554768,0.171550363302,0.0,-0.144590780139,0.0581916123629,0.204314783216,-0.0880126580596,0.0551279745996,-0.0685474872589,-0.144590780139,-0.107314631343,0.178884878755,-0.0715295150876,0.0611736513674,0.0984499529004
101,796.0000038150001,0.0,0.0,1.44546377659,0.200588062406,-1.14940679073,-0.649956345558,0.111435912549,0.0,1.41294884682,-0.163803398609,1.31510126591,0.551224708557,0.17237560451,0.0,-0.145210400224,0.0584409870207,0.205190345645,-0.0883898288012,0.0553642176092,-0.0688412413001,-0.145210400224,-0.10777451098,0.179651468992,-0.0718360468745,0.061435803771,0.0988718494773
102,821.5000629450001,0.0,0.0,1.45187020302,0.202130690217,-1.15470457077,-0.652799487114,0.111934497952,0.0,1.41922450066,-0.165203526616,1.32108652592,0.553655683994,0.17314684391,0.0,-0.145783424377,0.0586716011167,0.206000044942,-0.0887386202812,0.055582690984,-0.0691128969193,-0.145783424377,-0.108199805021,0.180360391736,-0.0721195191145,0.0616782344878,0.0992620065808
103,846.5000390999999,0.0,0.0,1.46071779728,0.204288437963,-1.16193258762,-0.656656861305,0.112615354359,0.0,1.42790210247,-0.1671692729,1.32925188541,0.556950688362,0.174200043082,0.0,-0.14655354619,0.0589815452695,0.207088276744,-0.0892074033618,0.0558763183653,-0.0694779977202,-0.14655354619,-0.108771391213,0.181313186884,-0.0725005045533,0.0620040632784,0.0997863784432
104,871.99997902,0.0,0.0,1.46609032154,0.205618932843,-1.16626060009,-0.658951878548,0.113023549318,0.0,1.433177948,-0.168385788798,1.33414125443,0.558908939362,0.174831464887,0.0,-0.147006034851,0.0591636523604,0.20772767067,-0.0894828289747,0.0560488365591,-0.0696925148368,-0.147006034851,-0.109107226133,0.181872993708,-0.0727243572474,0.0621955022216,0.100094467402
105,892.500042915,0.0,0.0,1.4710277319,0.206860154867,-1.17018711567,-0.661021471024,0.113394357264,0.0,1.43803155422,-0.169523954391,1.33857727051,0.560673236847,0.175405040383,0.0,-0.14740870893,0.0593257136643,0.208296686411,-0.0897279456258,0.0562023669481,-0.0698834136128,-0.14740870893,-0.109406091273,0.182371169329,-0.0729235634208,0.0623658671975,0.100368648767
106,912.9999876000002,0.0,0.0,1.47551810741,0.208009749651,-1.17370438576,-0.662862360477,0.113727070391,0.0,1.44245040417,-0.170581325889,1.34255123138,0.562240839005,0.175919696689,0.0,-0.147760674357,0.0594673603773,0.208794012666,-0.0899421796203,0.05633655563,-0.0700502693653,-0.147760674357,-0.109667308629,0.182806611061,-0.0730976760387,0.0625147745013,0.100608289242
107,933.5000515000002,0.0,0.0,1.47954940796,0.20906548202,-1.17680442333,-0.664471149445,0.114020973444,0.0,1.44642221928,-0.171555548906,1.34605455399,0.563609004021,0.176374331117,0.0,-0.14806099236,0.0595882236958,0.209218367934,-0.0901249796152,0.0564510561526,-0.0701926425099,-0.14806099236,-0.109890200198,0.183178156614,-0.0732462406158,0.0626418292522,0.100812770426
108,958.000063895,0.0,0.0,1.4847099781,0.210468217731,-1.18065536022,-0.666441738605,0.114387527108,0.0,1.45151507854,-0.172856122255,1.35040783882,0.56528121233,0.176941335201,0.0,-0.148412644863,0.0597297474742,0.209715276957,-0.0903390347958,0.0565851293504,-0.0703593567014,-0.148412644863,-0.110151194036,0.183613210917,-0.0734202042222,0.0627906098962,0.101052202284
109,978.5000085850002,0.0,0.0,1.48754251003,0.211279630661,-1.18267858028,-0.667455494404,0.11458132416,0.0,1.45431637764,-0.173612847924,1.35269629955,0.566138744354,0.177241116762,0.0,-0.148579865694,0.0597970485687,0.20995156467,-0.0904408171773,0.0566488839686,-0.0704386308789,-0.148579865694,-0.110275305808,0.183820083737,-0.0735029280186,0.062861353159,0.101166062057
110,1004.0000677100002,0.0,0.0,1.48987543583,0.21198952198,-1.18425738811,-0.6682254076,0.114733844995,0.0,1.45662891865,-0.174278840423,1.35448348522,0.566787242889,0.177477046847,0.0,-0.148692235351,0.0598422773182,0.210110366344,-0.0905092284083,0.0566917322576,-0.0704919099808,-0.148692235351,-0.110358715057,0.183959126472,-0.073558524251,0.0629089027643,0.10124258697
111,1025.000095365,0.0,0.0,1.49241364002,0.212859123945,-1.18577528,-0.668915748596,0.114883691072,0.0,1.4591562748,-0.175103038549,1.35620570183,0.567362010479,0.17770883441,0.0,-0.148755982518,0.0598679371178,0.210200473666,-0.0905480310321,0.0567160435021,-0.0705221220851,-0.148755982518,-0.110406033695,0.184037983418,-0.0735900625587,0.0629358738661,0.101285986602
112,1050.5000352850002,0.0,0.0,1.49352920055,0.213308468461,-1.18632686138,-0.669138431549,0.114933475852,0.0,1.46025598049,-0.175536245108,1.3567814827,0.567510902882,0.177790164948,0.0,-0.148760005832,0.0598376691341,0.210191935301,-0.0905406177044,0.0567212030292,-0.070499420166,-0.148760005832,-0.110429696739,0.184040889144,-0.0735898986459,0.0629423186183,0.101294986904
113,1075.500011445,0.0,0.0,1.49478948116,0.213800504804,-1.18713927269,-0.669571459293,0.114946588874,0.0,1.46133613586,-0.176034167409,1.35719203949,0.567562997341,0.177852556109,0.0,-0.148779243231,0.0596930608153,0.210149481893,-0.0905035436153,0.0567474998534,-0.0703909620643,-0.148779243231,-0.110541082919,0.184056431055,-0.0735891312361,0.062974780798,0.101334691048
114,1100.4999876000002,0.0,0.0,1.49551975727,0.214020982385,-1.18787562847,-0.670056700706,0.114921882749,0.0,1.46180939674,-0.176282733679,1.35731267929,0.567548215389,0.177873179317,0.0,-0.148799076676,0.0595438741148,0.21010363102,-0.0904632583261,0.0567766726017,-0.0702790766954,-0.148799076676,-0.110653951764,0.184074491262,-0.0735883414745,0.0630103051662,0.101371571422
115,1121.0000515000002,0.0,0.0,1.49623823166,0.214166477323,-1.18884575367,-0.670744359493,0.114874027669,0.0,1.4621527195,-0.176478356123,1.35737335682,0.567519724369,0.177885085344,0.0,-0.148823112249,0.0593631453812,0.210045546293,-0.090411901474,0.0568145662546,-0.0701435282826,-0.148823112249,-0.110788136721,0.184098944068,-0.0735873803496,0.0630558952689,0.101411134005
116,1146.4999914149998,0.0,0.0,1.49736380577,0.214263543487,-1.1907800436,-0.672163188457,0.114763781428,0.0,1.46250283718,-0.17669467628,1.35740888119,0.567472577095,0.177894219756,0.0,-0.148864358664,0.0590529479086,0.209938779473,-0.0903166905046,0.0568866655231,-0.0699108764529,-0.148864358664,-0.111011385918,0.184147953987,-0.0735857263207,0.0631412044168,0.101464927197
117,1167.0000553149998,0.0,0.0,1.49816775322,0.214259117842,-1.19238436222,-0.673348784447,0.114667341113,0.0,1.46266102791,-0.176799565554,1.35741519928,0.567444324493,0.177897244692,0.0,-0.148893550038,0.0588334277272,0.209856748581,-0.0902428328991,0.0569441691041,-0.0697462409735,-0.148893550038,-0.111162893474,0.184189110994,-0.0735845565796,0.0632080584764,0.101490035653
118,1192.00003147,0.0,0.0,1.4990196228,0.214207604527,-1.19422268867,-0.674700677395,0.114554472268,0.0,1.46278607845,-0.176880195737,1.35742235184,0.567434728146,0.177898570895,0.0,-0.148922666907,0.0586144179106,0.209767818451,-0.0901620537043,0.0570086352527,-0.0695819854736,-0.148922666907,-0.11130695045,0.184237286448,-0.073583394289,0.0632818490267,0.101500883698
119,1217.5000906,0.0,0.0,1.50038158894,0.214055374265,-1.19737100601,-0.676981091499,0.114357694983,0.0,1.4631049633,-0.176956132054,1.35757613182,0.567748010159,0.177890092134,0.0,-0.148963570595,0.0583068877459,0.209624797106,-0.0900304839015,0.0571172870696,-0.0693513378501,-0.148963570595,-0.111491106451,0.184323057532,-0.0735817626119,0.0634036064148,0.101479865611
120,1238.0000352850002,0.0,0.0,1.50133633614,0.213911771774,-1.19969415665,-0.678626656532,0.11421032995,0.0,1.46350944042,-0.176976546645,1.35784566402,0.568324267864,0.177873447537,0.0,-0.148987188935,0.0581292137504,0.209525257349,-0.0899375751615,0.0571969598532,-0.0692180767655,-0.148987188935,-0.111580602825,0.18438950181,-0.0735808163881,0.063490845263,0.101433925331
121,1258.4999799749999,0.0,0.0,1.50231826305,0.213740080595,-1.20216572285,-0.680336713791,0.114051692188,0.0,1.46410572529,-0.176974371076,1.35826981068,0.569235265255,0.177846834064,0.0,-0.149006485939,0.0579840987921,0.209424167871,-0.0898418873549,0.0572818294168,-0.0691092461348,-0.149006485939,-0.111633904278,0.184463590384,-0.0735800415277,0.0635819062591,0.101356804371
122,1279.00004387,0.0,0.0,1.50331711769,0.213544666767,-1.20475828648,-0.682079911232,0.113883197308,0.0,1.46490335464,-0.176951661706,1.35885059834,0.570479035378,0.177810177207,0.0,-0.149020239711,0.0578806996346,0.20932303369,-0.089744605124,0.0573713965714,-0.0690316930413,-0.149020239711,-0.11164278537,0.184545472264,-0.0735794901848,0.0636758804321,0.101243652403
123,1304.0000200250001,0.0,0.0,1.50432145596,0.213329598308,-1.20744407177,-0.683824539185,0.113706246018,0.0,1.46589934826,-0.176910698414,1.35958218575,0.572035431862,0.177763864398,0.0,-0.149027228355,0.0578281730413,0.209223389626,-0.0896469205618,0.0574651621282,-0.0689923018217,-0.149027228355,-0.111599035561,0.184635326266,-0.0735792145133,0.0637718886137,0.101089648902
124,1324.5000839250001,0.0,0.0,1.50581169128,0.212978392839,-1.21158659458,-0.686375081539,0.11342804879,0.0,1.46773993969,-0.176819831133,1.36093986034,0.574887752533,0.177677705884,0.0,-0.149022355676,0.0578648000956,0.209080070257,-0.089502222836,0.05761256814,-0.0690197721124,-0.149022355676,-0.111416749656,0.184785485268,-0.0735794082284,0.0639177560806,0.100771434605
125,1345.0000286099998,0.0,0.0,1.50677609444,0.212730452418,-1.21438324451,-0.687984704971,0.113236106932,0.0,1.46917307377,-0.176742523909,1.36199975014,0.577079594135,0.177610352635,0.0,-0.149007096887,0.0579795204103,0.208990827203,-0.0894087105989,0.0577146150172,-0.0691058114171,-0.149007096887,-0.111205480993,0.184896081686,-0.073580019176,0.0640149340034,0.100494109094
126,1365.5000925049999,0.0,0.0,1.5077021122,0.212475508451,-1.21717524529,-0.689484834671,0.113040618598,0.0,1.47074711323,-0.176653832197,1.36316740513,0.579455852509,0.177536085248,0.0,-0.148980811238,0.0581771619618,0.20890840888,-0.0893189385533,0.0578190945089,-0.0692540407181,-0.148980811238,-0.110912814736,0.185015290976,-0.0735810697079,0.0641110092402,0.100158981979
127,1390.500068665,0.0,0.0,1.50857639313,0.2122169137,-1.21993434429,-0.690843760967,0.112842977047,0.0,1.47243928909,-0.176555231214,1.36442816257,0.581973850727,0.177455887198,0.0,-0.148942291737,0.0584668852389,0.208834350109,-0.0892340987921,0.057925503701,-0.0694713369012,-0.148942291737,-0.110530555248,0.185143277049,-0.0735826119781,0.0642051026225,0.0997612252831
128,1411.0000133499998,0.0,0.0,1.5093858242,0.21195794642,-1.22263264656,-0.692029893398,0.112644575536,0.0,1.47422540188,-0.176447987556,1.36576712132,0.584589958191,0.17737069726,0.0,-0.148890301585,0.0588578470051,0.208770185709,-0.0891553685069,0.058033335954,-0.0697645545006,-0.148890301585,-0.110050477087,0.185280233622,-0.07358469069,0.0642963126302,0.0992959961295
129,1431.5000772499998,0.0,0.0,1.51011669636,0.211701795459,-1.2252420187,-0.693011641502,0.112446814775,0.0,1.47608053684,-0.176333174109,1.36716938019,0.587260067463,0.177281498909,0.0,-0.14882363379,0.0593592040241,0.208717420697,-0.0890839323401,0.0581420958042,-0.0701405704021,-0.14882363379,-0.109464362264,0.185426324606,-0.0735873579979,0.0643837451935,0.0987584590912
130,1457.000017165,0.0,0.0,1.51103615761,0.211329773068,-1.22892868519,-0.694032490253,0.11215441674,0.0,1.47893607616,-0.176148816943,1.369358778,0.591269552708,0.177142351866,0.0,-0.148693546653,0.060337536037,0.208662897348,-0.0889929905534,0.0583058707416,-0.0708743259311,-0.148693546653,-0.108369074762,0.185662969947,-0.0735925659537,0.0645058974624,0.0978064015508
131,1481.999993325,0.0,0.0,1.51151525974,0.21109418571,-1.23120129108,-0.694375157356,0.111964024603,0.0,1.48085033894,-0.17601904273,1.37085366249,0.593880534172,0.177047476172,0.0,-0.148586466908,0.0611443333328,0.208643764257,-0.0889438837767,0.0584149174392,-0.0714794918895,-0.148586466908,-0.107491657138,0.185832232237,-0.0735969245434,0.0645806193352,0.0970730558038
132,1502.5000572200001,0.0,0.0,1.51188206673,0.210871323943,-1.23331212997,-0.694435298443,0.111778050661,0.0,1.48274171352,-0.175884738564,1.37235927582,0.596390068531,0.176952049136,0.0,-0.148464173079,0.0620690956712,0.208637759089,-0.0889036655426,0.0585235394537,-0.0721732899547,-0.148464173079,-0.106501862407,0.186010167003,-0.073602065444,0.0646498948336,0.0962646231055
133,1523.0000019049999,0.0,0.0,1.51213681698,0.210662901402,-1.23525798321,-0.694213271141,0.111596807837,0.0,1.48458337784,-0.175746738911,1.37386071682,0.59875369072,0.176857098937,0.0,-0.148327678442,0.0631062835455,0.208644226193,-0.0888719931245,0.0586314946413,-0.0729516595602,-0.148327678442,-0.105404943228,0.186196312308,-0.0736080631614,0.064713716507,0.0953847691417
134,1548.000097275,0.0,0.0,1.51231515408,0.210379853845,-1.23786914349,-0.693365097046,0.111334055662,0.0,1.48719263077,-0.175534680486,1.37607181072,0.601928412914,0.176717698574,0.0,-0.148098558187,0.0648607760668,0.208675906062,-0.0888397321105,0.0587916150689,-0.0742689147592,-0.148098558187,-0.103570148349,0.186489865184,-0.0736187845469,0.064799182117,0.0939390510321
135,1568.50004196,0.0,0.0,1.51230406761,0.210211887956,-1.23940944672,-0.692470312119,0.111164979637,0.0,1.48878967762,-0.175391152501,1.37749683857,0.603733062744,0.176628246903,0.0,-0.147931039333,0.0661548301578,0.208710730076,-0.0888278856874,0.0588967911899,-0.0752409845591,-0.147931039333,-0.102228306234,0.186694428325,-0.0736271888018,0.0648492947221,0.0928966253996
136,1588.9999866500002,0.0,0.0,1.51219475269,0.210060894489,-1.24079453945,-0.691325545311,0.111000739038,0.0,1.49024045467,-0.175246849656,1.3788651228,0.605236470699,0.17654274404,0.0,-0.14775288105,0.0675419643521,0.208755746484,-0.0888233482838,0.0590004138649,-0.0762834325433,-0.14775288105,-0.100797653198,0.186905547976,-0.0736366659403,0.0648938938975,0.0917955636978
137,1610.0000143050001,0.0,0.0,1.51199245453,0.209926947951,-1.24202942848,-0.689943552017,0.11084125191,0.0,1.49151754379,-0.175102621317,1.38016188145,0.606395065784,0.176462158561,0.0,-0.147565126419,0.0690166205168,0.208810329437,-0.0888257920742,0.0591022334993,-0.077392205596,-0.147565126419,-0.0992834419012,0.1871227175,-0.0736472904682,0.0649329647422,0.090639539063
138,1630.5000782000002,0.0,0.0,1.51170253754,0.209809944034,-1.24311971664,-0.688337564468,0.110686421394,0.0,1.4925994873,-0.174959152937,1.38137567043,0.607177019119,0.176387250423,0.0,-0.147368773818,0.0705732852221,0.208873808384,-0.0888348519802,0.0592019967735,-0.0785632431507,-0.147368773818,-0.0976908951998,0.18734548986,-0.0736591145396,0.0649664849043,0.089432194829
139,1655.50005436,0.0,0.0,1.51111578941,0.209665730596,-1.24449586868,-0.685538291931,0.110462702811,0.0,1.49383425713,-0.174746274948,1.38302791119,0.6076207757,0.176286235452,0.0,-0.147060349584,0.0730499327183,0.208984300494,-0.0888600945473,0.0593472383916,-0.0804277062416,-0.147060349584,-0.0951666459441,0.187689080834,-0.0736792609096,0.0650063380599,0.0875329747796
140,1680.50003052,0.0,0.0,1.51063156128,0.209589987993,-1.24524891376,-0.683432042599,0.11031909287,0.0,1.49439501762,-0.174606218934,1.38401329517,0.607434034348,0.1762265414,0.0,-0.146846979856,0.0747873932123,0.209067195654,-0.0888841748238,0.0594407618046,-0.0817366838455,-0.146846979856,-0.0934011787176,0.187923744321,-0.0736943930387,0.0650259256363,0.086213350296
141,1705.500006675,0.0,0.0,1.50977957249,0.20950601995,-1.24614620209,-0.679947197437,0.110111713409,0.0,1.49484848976,-0.17439930141,1.38531565666,0.606455147266,0.176148250699,0.0,-0.146517798305,0.0775093063712,0.209203764796,-0.0889303162694,0.0595754683018,-0.0837890431285,-0.146517798305,-0.0906420871615,0.188282966614,-0.073719792068,0.0650447979569,0.084162838757
142,1726.5000343299998,0.0,0.0,1.50913619995,0.209469184279,-1.24659776688,-0.677427470684,0.109978653491,0.0,1.49490046501,-0.174263611436,1.3860669136,0.605357289314,0.176103323698,0.0,-0.146293774247,0.0793929845095,0.209302023053,-0.0889672487974,0.059661179781,-0.085210621357,-0.146293774247,-0.0887364223599,0.188526570797,-0.0737386345863,0.0650503560901,0.0827537924051
143,1751.50001049,0.0,0.0,1.50843894482,0.209447145462,-1.24693894386,-0.674766778946,0.109849631786,0.0,1.4947603941,-0.174129977822,1.3867251873,0.603921771049,0.176063984632,0.0,-0.146067261696,0.0813254714012,0.2094052881,-0.0890087038279,0.0597433261573,-0.0866701453924,-0.146067261696,-0.0867838412523,0.188772916794,-0.0737590640783,0.0650502666831,0.0813153758645
144,1772.500038145,0.0,0.0,1.50769376755,0.209439441562,-1.24717545509,-0.671979248524,0.109724536538,0.0,1.49443626404,-0.173998594284,1.3872910738,0.602165520191,0.176030009985,0.0,-0.145839288831,0.0833012387156,0.209512904286,-0.0890543311834,0.0598216578364,-0.0881635546684,-0.145839288831,-0.0847895666957,0.189021527767,-0.0737811550498,0.0650445222855,0.0798512399197
145,1797.5000143050001,0.0,0.0,1.50649821758,0.209453761578,-1.24734652042,-0.667590677738,0.10954400897,0.0,1.49362456799,-0.173806399107,1.38796842098,0.598967969418,0.17598862946,0.0,-0.145496815443,0.0863339230418,0.209681078792,-0.0891298502684,0.0599314495921,-0.0904583334923,-0.145496815443,-0.0817314758897,0.189397647977,-0.0738175585866,0.065025255084,0.0776148289442
146,1822.4999904649999,0.0,0.0,1.50565755367,0.209479883313,-1.24734663963,-0.664547264576,0.109428234398,0.0,1.49287998676,-0.173682034016,1.38830673695,0.596486568451,0.175967082381,0.0,-0.145269647241,0.0883936658502,0.209796741605,-0.0891843959689,0.0599991381168,-0.0920187160373,-0.145269647241,-0.0796559229493,0.18964985013,-0.0738440901041,0.065005287528,0.0761024132371
147,1843.00005436,0.0,0.0,1.50478863716,0.209518700838,-1.24726235867,-0.661426067352,0.109316006303,0.0,1.49198377132,-0.173561155796,1.38855540752,0.593746304512,0.175950095057,0.0,-0.145044580102,0.0904773250222,0.209914505482,-0.08924189955,0.0600621290505,-0.0935987979174,-0.145044580102,-0.0775570049882,0.189902663231,-0.0738725066185,0.0649796053767,0.0745770782232
148,1863.499999045,0.0,0.0,1.50389719009,0.209569782019,-1.24709963799,-0.658241033554,0.109207205474,0.0,1.49094569683,-0.173444211483,1.38871514797,0.59076499939,0.175937414169,0.0,-0.144822642207,0.0925793498755,0.210033684969,-0.0893020033836,0.0601201690733,-0.0951945111156,-0.144822642207,-0.0754399821162,0.190155595541,-0.0739028826356,0.0649481937289,0.0730424970388
149,1888.5000944150001,0.0,0.0,1.50252997875,0.209668472409,-1.24672067165,-0.653374612331,0.109050191939,0.0,1.48914456367,-0.173277229071,1.38878977299,0.585880279541,0.175925970078,0.0,-0.144497826695,0.0957547575235,0.2102137357,-0.0893962904811,0.0601974017918,-0.0976085439324,-0.144497826695,-0.0722419321537,0.190534204245,-0.0739522501826,0.0648902952671,0.070731267333
150,1914.4999980950001,0.0,0.0,1.50160682201,0.209748312831,-1.24638664722,-0.650091528893,0.108949489892,0.0,1.48779582977,-0.173172295094,1.38873064518,0.582374870777,0.17592304945,0.0,-0.144288152456,0.0978785306215,0.210333675146,-0.0894613862038,0.0602419711649,-0.0992256253958,-0.144288152456,-0.0701025128365,0.190785393119,-0.0739877894521,0.064844481647,0.0691895410419
151,1940.0000572200001,0.0,0.0,1.50018823147,0.209888830781,-1.2457896471,-0.645128369331,0.108804114163,0.0,1.48557627201,-0.17302583158,1.38848042488,0.576788187027,0.175925135612,0.0,-0.14398650825,0.10106061399,0.210511788726,-0.089561522007,0.0602978095412,-0.101652681828,-0.14398650825,-0.0668954253197,0.191159158945,-0.0740452185273,0.0647649094462,0.0668847411871
152,1965.4999971399998,0.0,0.0,1.49875211716,0.210057929158,-1.24509119987,-0.640169382095,0.10866522789,0.0,1.48315167427,-0.17289429903,1.38803887367,0.570860981941,0.175934225321,0.0,-0.143703356385,0.10422180593,0.210685834289,-0.0896635875106,0.0603396855295,-0.104069307446,-0.143703356385,-0.0637064799666,0.191527873278,-0.0741077661514,0.0646722540259,0.0646002590656
153,1986.0000610349998,0.0,0.0,1.49782896042,0.210186198354,-1.244566679,-0.636904299259,0.108576051891,0.0,1.48143839836,-0.17281588912,1.38763916492,0.566750228405,0.175943791866,0.0,-0.143526554108,0.106308437884,0.21079851687,-0.0897321254015,0.0603594221175,-0.105667844415,-0.143526554108,-0.061599329114,0.191770091653,-0.0741524249315,0.0646031945944,0.0630946606398
154,2011.000037195,0.0,0.0,1.49693489075,0.21032615006,-1.24400401115,-0.633684337139,0.108489491045,0.0,1.47965979576,-0.172745645046,1.38715612888,0.562533020973,0.175955891609,0.0,-0.14336052537,0.108371958137,0.210907757282,-0.0898006558418,0.0603723227978,-0.107251606882,-0.14336052537,-0.0595133267343,0.19200886786,-0.0741995200515,0.0645282790065,0.0616072267294
155,2031.4999818800002,0.0,0.0,1.49607288837,0.210477083921,-1.24341034889,-0.630521714687,0.108405418694,0.0,1.47782611847,-0.17268422246,1.38659060001,0.558227181435,0.175970286131,0.0,-0.143206268549,0.110406838357,0.211012914777,-0.0898688212037,0.0603781342506,-0.108816549182,-0.143206268549,-0.0574537031353,0.192243754864,-0.0742491260171,0.0644474923611,0.0601416192949
156,2051.500082015,0.0,0.0,1.49524688721,0.210638344288,-1.24279212952,-0.627429485321,0.10832374543,0.0,1.47594773769,-0.172632291913,1.38594317436,0.553850591183,0.175986722112,0.0,-0.143064826727,0.112407527864,0.211113333702,-0.0899362713099,0.0603766068816,-0.110358595848,-0.143064826727,-0.055425722152,0.192474246025,-0.074301302433,0.0643608272076,0.0587015077472
157,2072.499990465,0.0,0.0,1.49446117878,0.210809230804,-1.24215555191,-0.624421298504,0.108244344592,0.0,1.47403502464,-0.172590553761,1.38521468639,0.54942125082,0.176004961133,0.0,-0.142937198281,0.114368505776,0.211208373308,-0.0900026708841,0.060367487371,-0.111873708665,-0.142937198281,-0.053434599191,0.192699894309,-0.0743561089039,0.0642682537436,0.0572905391455
158,2092.5000906,0.0,0.0,1.49372053146,0.210989147425,-1.24150693417,-0.621510863304,0.108167119324,0.0,1.47209811211,-0.172559723258,1.38440573215,0.54495704174,0.176024779677,0.0,-0.142824411392,0.116284236312,0.211297363043,-0.0900676548481,0.0603505261242,-0.113357827067,-0.142824411392,-0.0514855757356,0.192920207977,-0.0744136199355,0.0641697645187,0.0559123754501
159,2113.000035285,0.0,0.0,1.49302983284,0.211177498102,-1.24085211754,-0.618712127209,0.108091950417,0.0,1.4701474905,-0.172540515661,1.3835170269,0.540475845337,0.176045909524,0.0,-0.142727479339,0.118149191141,0.211379677057,-0.0901308879256,0.0603254698217,-0.114806897938,-0.142727479339,-0.0495838858187,0.193134725094,-0.0744738951325,0.0640653446317,0.0545706674457
160,2133.499979975,0.0,0.0,1.49239432812,0.211373746395,-1.2401971817,-0.616039156914,0.108018733561,0.0,1.46819341183,-0.172533705831,1.38254928589,0.535995543003,0.176068142056,0.0,-0.142647430301,0.119957841933,0.2114546597,-0.0901920050383,0.0602920651436,-0.116216875613,-0.142647430301,-0.047734759748,0.19334295392,-0.0745370015502,0.0639549717307,0.0532690696418
161,2154.00004387,0.0,0.0,1.49181902409,0.211577385664,-1.23954808712,-0.613505959511,0.107947356999,0.0,1.4662463665,-0.172540083528,1.38150310516,0.531534016132,0.176091209054,0.0,-0.142585277557,0.121704645455,0.211521655321,-0.0902506709099,0.0602500624955,-0.117583684623,-0.142585277557,-0.0459434501827,0.193544432521,-0.0746030062437,0.0638386309147,0.0520112514496
162,2175.000071525,0.0,0.0,1.49108088017,0.211895659566,-1.23859858513,-0.609999060631,0.107843503356,0.0,1.46336114407,-0.172576129436,1.37978863716,0.524916172028,0.176126897335,0.0,-0.142527833581,0.124196790159,0.211605757475,-0.0903333052993,0.0601703897119,-0.119544103742,-0.142527833581,-0.043376326561,0.193832948804,-0.0747075751424,0.063652895391,0.050214599818
163,2195.50001621,0.0,0.0,1.49067986012,0.212115734816,-1.23799037933,-0.607876956463,0.107776246965,0.0,1.46147632599,-0.172619044781,1.37854957581,0.52057993412,0.176151067019,0.0,-0.142514884472,0.125764772296,0.211649954319,-0.0903843045235,0.0601057894528,-0.120785281062,-0.142514884472,-0.0417524389923,0.194015458226,-0.0747810974717,0.0635215714574,0.0490822158754
164,2216.00008011,0.0,0.0,1.49035787582,0.212341621518,-1.23740875721,-0.605943977833,0.107710450888,0.0,1.45963442326,-0.172678053379,1.37723457813,0.516325056553,0.176175236702,0.0,-0.142523393035,0.127251550555,0.211683899164,-0.0904316231608,0.0600317120552,-0.121969111264,-0.142523393035,-0.0402046889067,0.194189563394,-0.0748577490449,0.0633842200041,0.0480064041913
165,2236.500024795,0.0,0.0,1.49012029171,0.212572902441,-1.23685979843,-0.604214251041,0.107646003366,0.0,1.45784568787,-0.172754064202,1.3758443594,0.512169420719,0.176199182868,0.0,-0.14255438745,0.128651604056,0.211706936359,-0.0904749184847,0.0599479041994,-0.12309152633,-0.14255438745,-0.0387383066118,0.194354772568,-0.074937582016,0.0632408335805,0.0469908230007
166,2257.00008869,0.0,0.0,1.4899725914,0.212809175253,-1.23634958267,-0.602701842785,0.10758279264,0.0,1.45612037182,-0.172848016024,1.37437951565,0.508130908012,0.176222667098,0.0,-0.142608880997,0.129959374666,0.211718410254,-0.0905138403177,0.0598541125655,-0.124148495495,-0.142608880997,-0.0373585224152,0.194510608912,-0.0750206708908,0.0630913898349,0.0460391230881
167,2282.00006485,0.0,0.0,1.48992025852,0.213049992919,-1.23588395119,-0.601420879364,0.107520714402,0.0,1.45446872711,-0.172960832715,1.37284076214,0.504227340221,0.176245436072,0.0,-0.142687886953,0.131169348955,0.211717680097,-0.0905480310321,0.0597500875592,-0.125135943294,-0.142687886953,-0.0360705889761,0.194656610489,-0.075107075274,0.0629358738661,0.0451549775898
168,2307.00004101,0.0,0.0,1.49002993107,0.213418737054,-1.23527991772,-0.599959790707,0.107429593801,0.0,1.45215141773,-0.173167571425,1.37039554119,0.498664230108,0.176277771592,0.0,-0.142852947116,0.132791280746,0.211693182588,-0.0905900597572,0.0595750175416,-0.126479312778,-0.142852947116,-0.0343206115067,0.194856137037,-0.0752426162362,0.0626917853951,0.0439621806145
169,2332.000017165,0.0,0.0,1.49022865295,0.213668465614,-1.23494148254,-0.599297583103,0.107370503247,0.0,1.45072817802,-0.173331841826,1.36867499352,0.49517634511,0.176297739148,0.0,-0.142991706729,0.133741497993,0.211662337184,-0.0906122177839,0.0594468787313,-0.127280339599,-0.142991706729,-0.0332789085805,0.194975480437,-0.0753360390663,0.0625232085586,0.0432584621012
170,2356.999993325,0.0,0.0,1.49070525169,0.214046552777,-1.23452270031,-0.598760187626,0.107285477221,0.0,1.44880127907,-0.173620447516,1.36596024036,0.490320384502,0.17632471025,0.0,-0.143238097429,0.134967342019,0.211596697569,-0.0906374081969,0.059240039438,-0.128336191177,-0.143238097429,-0.0319091752172,0.195132851601,-0.0754790306091,0.0622642003,0.0423438176513
171,2377.00009346,0.0,0.0,1.49113273621,0.214299499989,-1.23429536819,-0.598692536354,0.107232049108,0.0,1.44767010212,-0.173842474818,1.36406207085,0.487359672785,0.176340386271,0.0,-0.143425062299,0.135649904609,0.211541369557,-0.0906492620707,0.0590938590467,-0.128940701485,-0.143425062299,-0.0311277080327,0.195222645998,-0.0755752399564,0.0620889775455,0.0418301708996
172,2402.00006962,0.0,0.0,1.49163961411,0.214552000165,-1.23410272598,-0.598844349384,0.107181958854,0.0,1.44667339325,-0.174089431763,1.36209416389,0.484641045332,0.176353916526,0.0,-0.14362795651,0.136223420501,0.211477905512,-0.0906575024128,0.0589422285557,-0.129463881254,-0.14362795651,-0.0304541233927,0.195299819112,-0.0756713375449,0.0619129426777,0.0413951575756
173,2427.000045775,0.0,0.0,1.49253082275,0.214927881956,-1.23386442661,-0.599456369877,0.107114553452,0.0,1.44545292854,-0.174509003758,1.35901296139,0.48105597496,0.176369667053,0.0,-0.143957912922,0.136876702309,0.211369499564,-0.0906637236476,0.0587067641318,-0.130092784762,-0.143957912922,-0.0296507347375,0.195390895009,-0.0758137628436,0.0616496764123,0.0408933199942
174,2452.000021935,0.0,0.0,1.49320006371,0.215175181627,-1.23372924328,-0.600101590157,0.107075788081,0.0,1.44483625889,-0.174823001027,1.35687434673,0.479019224644,0.176376804709,0.0,-0.144192188978,0.137172549963,0.211289793253,-0.0906642079353,0.0585459060967,-0.13040587306,-0.144192188978,-0.0292562860996,0.195434466004,-0.0759065374732,0.0614762306213,0.0406613834202
175,2476.999998095,0.0,0.0,1.49429512024,0.215538918972,-1.23354506493,-0.601391911507,0.107028618455,0.0,1.44421875477,-0.175346240401,1.35355186462,0.47651553154,0.176382407546,0.0,-0.144560202956,0.137403979897,0.211161419749,-0.0906601697206,0.0583013184369,-0.130712375045,-0.144560202956,-0.0288817230612,0.195472970605,-0.076040700078,0.0612217970192,0.0404711253941
176,2502.00009346,0.0,0.0,1.49507343769,0.215775310993,-1.23342442513,-0.602447390556,0.107005521655,0.0,1.44401025772,-0.175728917122,1.35127472878,0.475212424994,0.17638297379,0.0,-0.144813805819,0.137415021658,0.211071357131,-0.0906547307968,0.0581375285983,-0.130805686116,-0.144813805819,-0.0287799071521,0.195480048656,-0.0761257857084,0.0610575340688,0.0404515452683
177,2522.500038145,0.0,0.0,1.49588000774,0.216005787253,-1.23329734802,-0.603643298149,0.10698992759,0.0,1.44395852089,-0.176137089729,1.34896159172,0.474195361137,0.176381319761,0.0,-0.145071804523,0.137310147285,0.210978791118,-0.0906474292278,0.057974319905,-0.130808368325,-0.145071804523,-0.0287989228964,0.195471733809,-0.0762065798044,0.0608987919986,0.0405195131898
178,2547.500014305,0.0,0.0,1.49712395668,0.216338545084,-1.23307907581,-0.605670392513,0.106982134283,0.0,1.44415843487,-0.17679271102,1.34545397758,0.473187416792,0.176375404,0.0,-0.145462781191,0.136932954192,0.210837319493,-0.0906336307526,0.0577328167856,-0.130639076233,-0.145462781191,-0.0290587302297,0.195429354906,-0.0763181820512,0.0606733374298,0.040788859129
179,2572.499990465,0.0,0.0,1.49796319008,0.2165504843,-1.23290479183,-0.607157349586,0.106988377869,0.0,1.44446372986,-0.177255123854,1.34311103821,0.472846418619,0.176369681954,0.0,-0.145723283291,0.136533230543,0.210742637515,-0.0906229615211,0.0575754828751,-0.130408421159,-0.145723283291,-0.0293892752379,0.195380493999,-0.0763851702213,0.0605330169201,0.0410821884871
180,2592.5000906,0.0,0.0,1.49880003929,0.216753527522,-1.23269939423,-0.608736813068,0.107004582882,0.0,1.44489490986,-0.177734479308,1.34078133106,0.47275814414,0.176362961531,0.0,-0.145981445909,0.13601359725,0.2106487602,-0.0906114578247,0.0574222579598,-0.130081698298,-0.145981445909,-0.0298482086509,0.195314615965,-0.0764454230666,0.060401905328,0.0414682589471
181,2617.5000667550003,0.0,0.0,1.50003147125,0.217039585114,-1.23231697083,-0.611249446869,0.107049129903,0.0,1.445753932,-0.17847828567,1.33734416962,0.473076373339,0.176351889968,0.0,-0.14636002481,0.135006740689,0.210511505604,-0.0905932635069,0.0572023317218,-0.12940813601,-0.14636002481,-0.0307820662856,0.195182859898,-0.0765216425061,0.060224827379,0.0422245077789
182,2642.5000429150004,0.0,0.0,1.5008238554,0.21721675992,-1.2320022583,-0.6130002141,0.107093349099,0.0,1.44645178318,-0.178985640407,1.33511292934,0.473573327065,0.176344394684,0.0,-0.146603867412,0.13418225944,0.210423737764,-0.0905809476972,0.0570637881756,-0.128834500909,-0.146603867412,-0.0315714292228,0.19507239759,-0.0765619874001,0.0601213686168,0.0428489409387
183,2667.5000190749997,0.0,0.0,1.50194728374,0.217460215092,-1.23142266273,-0.615705549717,0.107183225453,0.0,1.44765734673,-0.17975474894,1.3318939209,0.474719077349,0.17633394897,0.0,-0.146951958537,0.132712781429,0.210300087929,-0.0905629098415,0.0568706020713,-0.127783298492,-0.146951958537,-0.0330110453069,0.194871589541,-0.0766050666571,0.0599907115102,0.043969694525
184,2692.4999952300004,0.0,0.0,1.50264012814,0.217606469989,-1.23095417023,-0.617541849613,0.107259869576,0.0,1.44854974747,-0.180267229676,1.32985532284,0.475734144449,0.176328077912,0.0,-0.147169455886,0.131576299667,0.210224330425,-0.0905516073108,0.0567530281842,-0.126953050494,-0.147169455886,-0.0341443233192,0.194713637233,-0.07662114501,0.059921503067,0.0448417700827
185,2712.5000953649997,0.0,0.0,1.50327789783,0.217738986015,-1.23041188717,-0.619388580322,0.107350692153,0.0,1.44949924946,-0.180774822831,1.32792019844,0.476937711239,0.176323533058,0.0,-0.147373154759,0.130313441157,0.210154980421,-0.0905412063003,0.0566455386579,-0.126017838717,-0.147373154759,-0.0354184322059,0.194535970688,-0.0766263529658,0.0598677508533,0.0458151288331
186,2733.0000400549998,0.0,0.0,1.5038536787,0.217857092619,-1.22979128361,-0.621234476566,0.107456095517,0.0,1.45049357414,-0.181273415685,1.3261038065,0.478319138288,0.176320716739,0.0,-0.147562637925,0.128928482533,0.21009221673,-0.090531796217,0.0565482713282,-0.124980889261,-0.147562637925,-0.0368290394545,0.194339126348,-0.0766207575798,0.0598294176161,0.0468865931034
187,2758.0000162099996,0.0,0.0,1.50459456444,0.218006417155,-1.22871220112,-0.623986959457,0.107641167939,0.0,1.45204305649,-0.181994974613,1.3236348629,0.480701327324,0.176320552826,0.0,-0.147821173072,0.12663847208,0.210009932518,-0.0905194506049,0.0564207397401,-0.123248048127,-0.147821173072,-0.0391829423606,0.194010421634,-0.0765932500362,0.0597993321717,0.0486646927893
188,2782.9999923699997,0.0,0.0,1.50500547886,0.218087181449,-1.22789716721,-0.625804722309,0.107781819999,0.0,1.45309722424,-0.182452008128,1.32218122482,0.482480615377,0.176323741674,0.0,-0.147977083921,0.124981075525,0.209962621331,-0.0905123502016,0.0563474074006,-0.121983513236,-0.147977083921,-0.0408988110721,0.193770691752,-0.0765629410744,0.0597965270281,0.0499552562833
189,2803.000092505,0.0,0.0,1.50535058975,0.218153014779,-1.22700953484,-0.627605497837,0.107935503125,0.0,1.45415437222,-0.182884529233,1.3208988905,0.484400391579,0.176330015063,0.0,-0.148120358586,0.123227894306,0.209921047091,-0.0905061215162,0.0562829896808,-0.120638675988,-0.148120358586,-0.0427223294973,0.193515837193,-0.076523669064,0.0598067119718,0.0513229481876
190,2824.0000009550004,0.0,0.0,1.50563156605,0.218204110861,-1.22605335712,-0.629387080669,0.108101464808,0.0,1.4552025795,-0.183287933469,1.31980311871,0.486449956894,0.176339760423,0.0,-0.148251473904,0.12138646841,0.209884986281,-0.0905007123947,0.056227106601,-0.119219690561,-0.148251473904,-0.0446452386677,0.193247005343,-0.0764759555459,0.0598291866481,0.0527617670596
191,2848.50001335,0.0,0.0,1.50593698025,0.218253865838,-1.22450053692,-0.632019758224,0.108371637762,0.0,1.45673191547,-0.183828249574,1.31854188442,0.489744305611,0.176361754537,0.0,-0.148426353931,0.118475347757,0.20984070003,-0.0904940664768,0.0561584569514,-0.116965606809,-0.148426353931,-0.0476978868246,0.192820116878,-0.0763897225261,0.0598844140768,0.0550402216613
192,2873.49998951,0.0,0.0,1.50606691837,0.218269735575,-1.22339320183,-0.633746147156,0.108564682305,0.0,1.45770597458,-0.184138655663,1.3179756403,0.492071926594,0.176381841302,0.0,-0.148529067636,0.116446271539,0.20981733501,-0.0904905647039,0.0561222620308,-0.115388095379,-0.148529067636,-0.0498331300914,0.192521438003,-0.0763232335448,0.0599345602095,0.0566305778921
193,2893.500089645,0.0,0.0,1.50614082813,0.218272358179,-1.22223377228,-0.635447978973,0.108767062426,0.0,1.45863282681,-0.184405013919,1.31763589382,0.494493424892,0.176406443119,0.0,-0.148621246219,0.114355303347,0.209798634052,-0.0904877558351,0.0560932792723,-0.113757908344,-0.148621246219,-0.0520388670266,0.192212834954,-0.0762501507998,0.0599945522845,0.0582710541785
194,2914.00003433,0.0,0.0,1.50616145134,0.218262270093,-1.22102713585,-0.637123703957,0.108977928758,0.0,1.45950615406,-0.184625089169,1.31751990318,0.497000008821,0.176435485482,0.0,-0.148703321815,0.112210005522,0.20978435874,-0.0904856100678,0.0560711324215,-0.112081207335,-0.148703321815,-0.0543068051338,0.191895484924,-0.0761710107327,0.0600636973977,0.0599556192756
195,2934.49997902,0.0,0.0,1.50609874725,0.218224614859,-1.21913921833,-0.639585614204,0.109308205545,0.0,1.46070706844,-0.184865966439,1.3177485466,0.500900506973,0.176486968994,0.0,-0.148808524013,0.108906663954,0.209770649672,-0.0904835611582,0.0560499094427,-0.109492346644,-0.148808524013,-0.0578073114157,0.191405594349,-0.076042085886,0.0601830333471,0.0625520199537
196,2955.500006675,0.0,0.0,1.50599884987,0.218185424805,-1.21783590317,-0.641190350056,0.109536446631,0.0,1.46143162251,-0.184966817498,1.31815433502,0.503582000732,0.176526203752,0.0,-0.148867383599,0.106658488512,0.209766328335,-0.0904829129577,0.0560432039201,-0.107726186514,-0.148867383599,-0.0601946599782,0.191071435809,-0.0759500935674,0.0602719932795,0.06432056427
197,2976.0000705700004,0.0,0.0,1.50585591793,0.218135714531,-1.21650254726,-0.642764270306,0.10977011919,0.0,1.46209442616,-0.185020551085,1.31874907017,0.506318151951,0.176569014788,0.0,-0.148917779326,0.104382351041,0.209765568376,-0.0904827937484,0.0560420118272,-0.105934984982,-0.148917779326,-0.0626153200865,0.190732568502,-0.0758538916707,0.0603676587343,0.066112190485
198,3001.0000467299997,0.0,0.0,1.50567293167,0.218076139688,-1.2151440382,-0.644305884838,0.110008344054,0.0,1.4626955986,-0.185028374195,1.31951987743,0.509099900723,0.17661511898,0.0,-0.148960143328,0.102085784078,0.209768116474,-0.090483173728,0.0560459606349,-0.104124888778,-0.148960143328,-0.0650610253215,0.190390169621,-0.0757540017366,0.0604693330824,0.0679208934307
199,3021.4999914150003,0.0,0.0,1.50545287132,0.218007385731,-1.21376538277,-0.645813882351,0.110250242054,0.0,1.4632358551,-0.184991955757,1.32045352459,0.511918246746,0.176664158702,0.0,-0.14899495244,0.0997763127089,0.209773734212,-0.0904840230942,0.0560546703637,-0.102302014828,-0.14899495244,-0.0675235316157,0.190045386553,-0.0756509527564,0.0605763122439,0.0697406753898
200,3042.0000553150003,0.0,0.0,1.50519871712,0.21793012321,-1.21237146854,-0.647286951542,0.110494941473,0.0,1.46371686459,-0.184913232923,1.3215367794,0.514763772488,0.176715821028,0.0,-0.1490226686,0.0974614918232,0.209782168269,-0.0904852896929,0.0560677610338,-0.100472532213,-0.1490226686,-0.0699945539236,0.18969938159,-0.0755452737212,0.0606879070401,0.071565516293
201,3066.5000677099997,0.0,0.0,1.50476050377,0.21779973805,-1.21026289463,-0.649427831173,0.110865332186,0.0,1.46433091164,-0.184720933437,1.32341206074,0.519062459469,0.176797538996,0.0,-0.149051934481,0.0939957052469,0.209799617529,-0.0904879048467,0.0560947880149,-0.0977293252945,-0.149051934481,-0.0736990049481,0.189180627465,-0.0753829702735,0.0608624108136,0.0742991417646
202,3087.0000124,0.0,0.0,1.50443482399,0.217704162002,-1.20885252953,-0.650807201862,0.111113213003,0.0,1.4646718502,-0.184547007084,1.3248090744,0.521934628487,0.176854342222,0.0,-0.149063915014,0.0917004644871,0.209814071655,-0.0904900729656,0.0561171881855,-0.095910154283,-0.149063915014,-0.0761552080512,0.188836634159,-0.0752730220556,0.0609824769199,0.0761103704572
203,3107.5000762950003,0.0,0.0,1.50408565998,0.217602491379,-1.20744407177,-0.65214663744,0.111360833049,0.0,1.46496093273,-0.184339717031,1.32630765438,0.524800658226,0.176912605762,0.0,-0.149070426822,0.0894262343645,0.209830492735,-0.0904925316572,0.0561426468194,-0.0941058471799,-0.149070426822,-0.0785910263658,0.188495472074,-0.0751622840762,0.0611047074199,0.0779056549072
204,3132.50005245,0.0,0.0,1.50371623039,0.217495381832,-1.20604264736,-0.653444707394,0.111607328057,0.0,1.4652005434,-0.184101969004,1.3278939724,0.527650892735,0.176972001791,0.0,-0.149071902037,0.0871805623174,0.20984865725,-0.0904952585697,0.0561707876623,-0.0923225432634,-0.149071902037,-0.0809982046485,0.1881583184,-0.0750512927771,0.0612284094095,0.0796789750457
205,3152.9999971400002,0.0,0.0,1.50332963467,0.217383503914,-1.20465314388,-0.654700040817,0.111851811409,0.0,1.46539342403,-0.18383680284,1.32955396175,0.53047567606,0.177032187581,0.0,-0.149068817496,0.0849709808826,0.209868296981,-0.0904982089996,0.0562012381852,-0.0905663818121,-0.149068817496,-0.083368472755,0.187826305628,-0.0749405696988,0.0613528825343,0.0814243331552
206,3173.500061035,0.0,0.0,1.50292885303,0.217267557979,-1.20328044891,-0.655911207199,0.112093411386,0.0,1.46554231644,-0.183547273278,1.33127379417,0.533265173435,0.177092850208,0.0,-0.149061635137,0.0828050151467,0.209889188409,-0.0905013382435,0.0562336184084,-0.0888435095549,-0.149061635137,-0.0856935828924,0.187500596046,-0.0748306512833,0.0614774301648,0.0831357240677
207,3198.500037195,0.0,0.0,1.50230765343,0.217087477446,-1.20126378536,-0.657642126083,0.112448498607,0.0,1.46568930149,-0.18307428062,1.33393573761,0.537361979485,0.177184000611,0.0,-0.149044170976,0.0796543508768,0.209922328591,-0.0905063077807,0.0562849789858,-0.0863350331783,-0.149044170976,-0.0890784934163,0.187026411295,-0.0746684148908,0.0616628564894,0.0856259763241
208,3218.9999818799997,0.0,0.0,1.50188469887,0.216964289546,-1.19995486736,-0.658736765385,0.112679064274,0.0,1.46574056149,-0.1827378124,1.33574485779,0.540020704269,0.177244380116,0.0,-0.149028748274,0.0776303932071,0.20994527638,-0.090509749949,0.0563205331564,-0.0847222134471,-0.149028748274,-0.0912545844913,0.186721548438,-0.0745627954602,0.0617845356464,0.0872261896729
209,3239.500045775,0.0,0.0,1.50145816803,0.216839388013,-1.19868004322,-0.659782290459,0.112903684378,0.0,1.46575772762,-0.182388201356,1.33756542206,0.542610108852,0.177304059267,0.0,-0.149010822177,0.0756764560938,0.209968611598,-0.0905132517219,0.056356690824,-0.083164177835,-0.149010822177,-0.0933565720916,0.186427056789,-0.0744598209858,0.0619038380682,0.0887713953853
210,3259.9999904650003,0.0,0.0,1.50103116035,0.216713413596,-1.19744443893,-0.660777390003,0.1131214872,0.0,1.46574378014,-0.182028695941,1.33938360214,0.545120418072,0.177362710238,0.0,-0.148990884423,0.0738000571728,0.209992080927,-0.0905167758465,0.056393083185,-0.0816670581698,-0.148990884423,-0.0953762233257,0.186144098639,-0.0743600204587,0.0620200745761,0.0902556106448
211,3280.50005436,0.0,0.0,1.50060665607,0.216587036848,-1.19625270367,-0.661720514297,0.113331601024,0.0,1.46570146084,-0.181662559509,1.34118568897,0.547541975975,0.177419990301,0.0,-0.148969367146,0.072008728981,0.21001547575,-0.0905202776194,0.0564293265343,-0.0802369862795,-0.148969367146,-0.0973052829504,0.185873806477,-0.0742639154196,0.0621325410903,0.0916728302836
212,3300.9999990449996,0.0,0.0,1.50018763542,0.216460928321,-1.19510996342,-0.662610292435,0.113533139229,0.0,1.46563374996,-0.181293010712,1.34295761585,0.54986512661,0.177475556731,0.0,-0.148946747184,0.0703099966049,0.210038512945,-0.0905237346888,0.0564650446177,-0.0788801014423,-0.148946747184,-0.0991354882717,0.185617372394,-0.0741720423102,0.0622405447066,0.0930170416832
213,3322.000026705,0.0,0.0,1.49977719784,0.216335743666,-1.19402122498,-0.663445353508,0.113725244999,0.0,1.46554338932,-0.180923312902,1.34468579292,0.552080214024,0.177529096603,0.0,-0.14892347157,0.0687114149332,0.210060983896,-0.0905271098018,0.0564998649061,-0.0776025503874,-0.14892347157,-0.100858576596,0.185375928879,-0.0740849226713,0.0623433850706,0.0942822396755
214,3347.0000028599998,0.0,0.0,1.49918413162,0.216151103377,-1.19250011444,-0.664592206478,0.113993778825,0.0,1.46537160873,-0.180375486612,1.34716558456,0.555179178715,0.177604854107,0.0,-0.148888364434,0.0665177851915,0.210093066096,-0.0905319228768,0.0565495714545,-0.0758483931422,-0.148888364434,-0.103224307299,0.185044422746,-0.0739643201232,0.0624864399433,0.096018768847
215,3367.5000667550003,0.0,0.0,1.49880826473,0.216031059623,-1.1915678978,-0.665284276009,0.114158444107,0.0,1.46523714066,-0.180019408464,1.34872376919,0.557082116604,0.17765186727,0.0,-0.148865491152,0.0652025192976,0.21011300385,-0.0905349105597,0.0565804839134,-0.0747960209846,-0.148865491152,-0.104643471539,0.18484556675,-0.0738914012909,0.0625733211637,0.0970601737499
216,3388.0000114450004,0.0,0.0,1.49845147133,0.215914219618,-1.19070696831,-0.665916740894,0.114310599864,0.0,1.46508979797,-0.179674327374,1.35018956661,0.558843433857,0.177695661783,0.0,-0.148843586445,0.0640137717128,0.210131511092,-0.0905376896262,0.056609172374,-0.0738444626331,-0.148843586445,-0.105926610529,0.184665754437,-0.073825083673,0.0626525878906,0.0980015546083
217,3412.9999876,0.0,0.0,1.49811673164,0.215801239014,-1.18992221355,-0.666488051414,0.114449389279,0.0,1.4649323225,-0.17934332788,1.35154950619,0.560453593731,0.177735924721,0.0,-0.148823112249,0.0629590675235,0.210148349404,-0.090540215373,0.056635260582,-0.0729998648167,-0.148823112249,-0.107065461576,0.1845061481,-0.0737658962607,0.0627235546708,0.0988368988037
218,3437.5,0.0,0.0,1.4976631403,0.215644195676,-1.18889868259,-0.667227506638,0.114630565047,0.0,1.4646832943,-0.17888006568,1.35336065292,0.562564790249,0.177788957953,0.0,-0.148796081543,0.0616448521614,0.210169926286,-0.090543448925,0.0566686913371,-0.0719469338655,-0.148796081543,-0.108485139906,0.184307187796,-0.0736916437745,0.0628129094839,0.0998779684305
219,3458.0000638949996,0.0,0.0,1.49739813805,0.215550988913,-1.18832588196,-0.667639732361,0.114732071757,0.0,1.46451258659,-0.178597837687,1.35439527035,0.563755750656,0.177818909287,0.0,-0.148781180382,0.0609582476318,0.210181489587,-0.0905451849103,0.0566866286099,-0.0713965818286,-0.148781180382,-0.109227143228,0.184203207493,-0.073652587831,0.0628600642085,0.100421957672
220,3483.0000400549998,0.0,0.0,1.49716579914,0.215463459492,-1.18784666061,-0.667985796928,0.114817135036,0.0,1.46434128284,-0.178340420127,1.35527551174,0.564762473106,0.177844166756,0.0,-0.148769319057,0.0604320652783,0.210190534592,-0.090546540916,0.056700643152,-0.0709746629,-0.148769319057,-0.109795957804,0.18412348628,-0.0736225098372,0.0628964677453,0.100838899612
221,3503.4999847500003,0.0,0.0,1.4969689846,0.215382128954,-1.18746602535,-0.668264448643,0.114884890616,0.0,1.46417212486,-0.178110823035,1.35598778725,0.565575480461,0.177864387631,0.0,-0.148760959506,0.0600738488138,0.210196807981,-0.0905474796891,0.0567103587091,-0.0706873387098,-0.148760959506,-0.110183306038,0.18406920135,-0.0736019462347,0.0629214271903,0.101122781634
222,3523.5000849,0.0,0.0,1.49681043625,0.21530751884,-1.18718886375,-0.668474256992,0.114934444427,0.0,1.46400773525,-0.177911996841,1.35651826859,0.566185534,0.177879244089,0.0,-0.148756548762,0.0598911307752,0.210200056434,-0.0905479714274,0.0567153953016,-0.0705407336354,-0.148756548762,-0.110380940139,0.184041500092,-0.0735914036632,0.0629342421889,0.101267598569
223,3549.0000247999997,0.0,0.0,1.49665033817,0.215209960938,-1.18697249889,-0.668676018715,0.114975087345,0.0,1.46377897263,-0.177675709128,1.35697436333,0.566730320454,0.177891656756,0.0,-0.148757010698,0.0598601773381,0.210198312998,-0.0905461534858,0.0567173436284,-0.0705163031816,-0.148757010698,-0.110412120819,0.184038713574,-0.0735900178552,0.0629375055432,0.101288340986
224,3574.5000839000004,0.0,0.0,1.49663293362,0.215151533484,-1.18703377247,-0.668856561184,0.114980727434,0.0,1.46364986897,-0.177555814385,1.35713231564,0.566930770874,0.177895754576,0.0,-0.148764804006,0.0598015487194,0.210181549191,-0.0905315726995,0.0567275583744,-0.070472329855,-0.148764804006,-0.110457733274,0.18404455483,-0.0735897123814,0.0629502162337,0.10130533576
225,3600.0000238499997,0.0,0.0,1.49682426453,0.215057715774,-1.18761920929,-0.669427573681,0.114952899516,0.0,1.46349620819,-0.177421867847,1.35726058483,0.567104697227,0.177898898721,0.0,-0.148788556457,0.0596229806542,0.210128188133,-0.0904848650098,0.0567609630525,-0.0703384056687,-0.148788556457,-0.110594339669,0.184064671397,-0.073588758707,0.0629912242293,0.101352497935
226,3625.0,0.0,0.0,1.49730181694,0.214940160513,-1.18886625767,-0.670457661152,0.114880882204,0.0,1.46338427067,-0.177330255508,1.35732269287,0.567196965218,0.177900284529,0.0,-0.148823112249,0.0593631453812,0.210045546293,-0.090411901474,0.0568145662546,-0.0701435282826,-0.148823112249,-0.110788136721,0.184098944068,-0.0735873803496,0.0630558952689,0.101411134005
227,3645.5000639,0.0,0.0,1.49777293205,0.214842289686,-1.19006145,-0.671404421329,0.114809289575,0.0,1.46332812309,-0.177286505699,1.35734570026,0.567234218121,0.177900746465,0.0,-0.148850113153,0.0591600351036,0.209976732731,-0.0903506577015,0.0568606816232,-0.0699911937118,-0.148850113153,-0.110935404897,0.184129938483,-0.0735863000154,0.0631106570363,0.10144854337
228,3670.5000400500003,0.0,0.0,1.49835479259,0.214726194739,-1.19152998924,-0.672543823719,0.114719994366,0.0,1.46328365803,-0.177253127098,1.35736048222,0.567260026932,0.177901014686,0.0,-0.148878887296,0.0589436963201,0.209898725152,-0.0902807042003,0.0569145157933,-0.0698289424181,-0.148878887296,-0.111087553203,0.184167668223,-0.0735851451755,0.0631737038493,0.10147895664
229,3690.9999847500003,0.0,0.0,1.49903512001,0.214590787888,-1.19325077534,-0.673854708672,0.114614181221,0.0,1.46324849129,-0.177227750421,1.35737025738,0.567278325558,0.177901163697,0.0,-0.14890819788,0.0587232857943,0.209813043475,-0.0902032330632,0.0569755621254,-0.0696636363864,-0.14890819788,-0.111236363649,0.184212312102,-0.0735839754343,0.0632441416383,0.101497545838
230,3716.0000800999996,0.0,0.0,1.5002104044,0.214351117611,-1.19625139236,-0.676087200642,0.114427290857,0.0,1.46331107616,-0.177194342017,1.35746109486,0.567474126816,0.177896186709,0.0,-0.148950502276,0.0584050752223,0.209673494101,-0.0900755301118,0.0570795610547,-0.0694249793887,-0.148950502276,-0.111435346305,0.184292629361,-0.0735822841525,0.0633616968989,0.101492650807
231,3736.5000247999997,0.0,0.0,1.50107657909,0.214167818427,-1.19849359989,-0.677712261677,0.114285849035,0.0,1.463545084,-0.177165791392,1.35766458511,0.567915260792,0.177883729339,0.0,-0.148975849152,0.0582145527005,0.209575310349,-0.089984446764,0.0571564398706,-0.0692820847034,-0.148975849152,-0.11153986305,0.184355333447,-0.0735812708735,0.0634466931224,0.10146048665
232,3757.0000886999997,0.0,0.0,1.50199246407,0.213966995478,-1.20089769363,-0.679412424564,0.114132530987,0.0,1.46397995949,-0.177128076553,1.35801637173,0.568676292896,0.177861839533,0.0,-0.148997455835,0.0580520145595,0.209474816918,-0.0898900032043,0.0572387762368,-0.0691601783037,-0.148997455835,-0.111612290144,0.184425577521,-0.0735804066062,0.0635359510779,0.101399563253
233,3782.5000286000004,0.0,0.0,1.50294363499,0.213750272989,-1.20343625546,-0.681157529354,0.113968700171,0.0,1.46462893486,-0.177079722285,1.35852408409,0.5697696805,0.177829995751,0.0,-0.149014130235,0.0579266101122,0.209373518825,-0.089793369174,0.0573260597885,-0.0690661296248,-0.149014130235,-0.111644409597,0.184503540397,-0.0735797360539,0.0636285841465,0.101305030286
234,3808.0000877499997,0.0,0.0,1.5044054985,0.213399618864,-1.2074354887,-0.683791875839,0.113706290722,0.0,1.46599829197,-0.176986694336,1.35957074165,0.572004199028,0.177763983607,0.0,-0.149027228355,0.0578281730413,0.209223389626,-0.0896469205618,0.0574651621282,-0.0689923018217,-0.149027228355,-0.111599035561,0.184635326266,-0.0735792145133,0.0637718886137,0.101089648902
235,3828.5000324000002,0.0,0.0,1.50538289547,0.213151991367,-1.21018862724,-0.685514032841,0.113522276282,0.0,1.46715795994,-0.17691154778,1.36044585705,0.573850095272,0.177708595991,0.0,-0.149026229978,0.057835675776,0.209126770496,-0.08955001086,0.0575626157224,-0.0689979270101,-0.149026229978,-0.11149443686,0.184733361006,-0.0735792517662,0.0638690367341,0.10088993609
236,3849.0000963,0.0,0.0,1.50634634495,0.212896093726,-1.21297860146,-0.687172532082,0.113332629204,0.0,1.46849453449,-0.176826730371,1.3614487648,0.575939774513,0.177644997835,0.0,-0.149016022682,0.0579123683274,0.20903468132,-0.089455075562,0.0576632544398,-0.0690554454923,-0.149016022682,-0.111320771277,0.184839710593,-0.0735796615481,0.0639664232731,0.100639693439
237,3874.5000362500004,0.0,0.0,1.50728154182,0.212634533644,-1.21577763557,-0.688735961914,0.113138727844,0.0,1.46998715401,-0.176733002067,1.36256587505,0.578233420849,0.177574053407,0.0,-0.148995414376,0.0580674037337,0.208948671818,-0.089363284409,0.0577665828168,-0.0691717192531,-0.148995414376,-0.111069835722,0.184954598546,-0.0735804885626,0.0640631690621,0.100334070623
238,3894.9999809499996,0.0,0.0,1.50860083103,0.212237387896,-1.21993172169,-0.690834164619,0.112842977047,0.0,1.47246778011,-0.176577448845,1.36442470551,0.581964671612,0.1774559021,0.0,-0.148942291737,0.0584668852389,0.208834350109,-0.0892340987921,0.057925503701,-0.0694713369012,-0.148942291737,-0.110530555248,0.185143277049,-0.0735826119781,0.0642051026225,0.0997612252831
239,3915.0000810499996,0.0,0.0,1.50940442085,0.211973503232,-1.22263062,-0.692022562027,0.112644575536,0.0,1.47424697876,-0.176464855671,1.36576461792,0.584582984447,0.17737069726,0.0,-0.148890301585,0.0588578470051,0.208770185709,-0.0891553685069,0.058033335954,-0.0697645545006,-0.148890301585,-0.110050477087,0.185280233622,-0.07358469069,0.0642963126302,0.0992959961295
240,3936.5000725,0.0,0.0,1.51013076305,0.211713626981,-1.22524058819,-0.693006038666,0.112446814775,0.0,1.47609674931,-0.176345974207,1.36716759205,0.587254822254,0.177281498909,0.0,-0.14882363379,0.0593592040241,0.208717420697,-0.0890839323401,0.0581420958042,-0.0701405704021,-0.14882363379,-0.109464362264,0.185426324606,-0.0735873579979,0.0643837451935,0.0987584590912
241,3961.5000486500003,0.0,0.0,1.51076614857,0.211460620165,-1.22773349285,-0.693753182888,0.112251095474,0.0,1.47799122334,-0.176221445203,1.36861872673,0.589935898781,0.177189290524,0.0,-0.148741066456,0.0599801018834,0.208677589893,-0.0890209898353,0.058251272887,-0.0706062465906,-0.148741066456,-0.108764015138,0.185581743717,-0.0735906586051,0.0644665062428,0.0981437787414
242,3982.5000763,0.0,0.0,1.51129770279,0.211217328906,-1.23008394241,-0.694235622883,0.112058699131,0.0,1.47990381718,-0.176091909409,1.37010288239,0.592581868172,0.177095040679,0.0,-0.148641973734,0.0607258453965,0.208651646972,-0.0889673009515,0.0583604313433,-0.0711655765772,-0.148641973734,-0.107944741845,0.185746490955,-0.0735946521163,0.0645439401269,0.0974493473768
243,4007.50005245,0.0,0.0,1.51188743114,0.210875824094,-1.23331165314,-0.694433152676,0.111778050661,0.0,1.48274815083,-0.175889611244,1.37235856056,0.596388041973,0.176952049136,0.0,-0.148464173079,0.0620690956712,0.208637759089,-0.0889036655426,0.0585235394537,-0.0721732899547,-0.148464173079,-0.106501862407,0.186010167003,-0.073602065444,0.0646498948336,0.0962646231055
244,4032.99999235,0.0,0.0,1.51214087009,0.210666313767,-1.23525762558,-0.694211661816,0.111596807837,0.0,1.48458826542,-0.1757504493,1.37386012077,0.598752140999,0.176857098937,0.0,-0.148327678442,0.0631062835455,0.208644226193,-0.0888719931245,0.0586314946413,-0.0729516595602,-0.148327678442,-0.105404943228,0.186196312308,-0.0736080631614,0.064713716507,0.0953847691417
245,4053.0000925000004,0.0,0.0,1.51228523254,0.21047270298,-1.2370390892,-0.693713843822,0.111420422792,0.0,1.48635160923,-0.175608739257,1.37534236908,0.600925803185,0.176763594151,0.0,-0.148178011179,0.0642503723502,0.208662524819,-0.0888485088944,0.0587385259569,-0.0738105475903,-0.148178011179,-0.104206129909,0.186390176415,-0.0736149698496,0.0647720694542,0.0944371372461
246,4078.5000324000002,0.0,0.0,1.51230585575,0.210213571787,-1.23940932751,-0.692469537258,0.111164979637,0.0,1.48879218102,-0.175393030047,1.37749660015,0.603732287884,0.176628246903,0.0,-0.147931039333,0.0661548301578,0.208710730076,-0.0888278856874,0.0588967911899,-0.0752409845591,-0.147931039333,-0.102228306234,0.186694428325,-0.0736271888018,0.0648492947221,0.0928966253996
247,4099.0000963,0.0,0.0,1.512196064,0.210062146187,-1.24079453945,-0.691325008869,0.111000739038,0.0,1.49024248123,-0.175248295069,1.37886488438,0.605235874653,0.17654274404,0.0,-0.14775288105,0.0675419643521,0.208755746484,-0.0888233482838,0.0590004138649,-0.0762834325433,-0.14775288105,-0.100797653198,0.186905547976,-0.0736366659403,0.0648938938975,0.0917955636978
248,4124.0000725,0.0,0.0,1.5119934082,0.209927886724,-1.24202942848,-0.689943194389,0.11084125191,0.0,1.49151909351,-0.175103738904,1.38016164303,0.606394588947,0.176462158561,0.0,-0.147565126419,0.0690166205168,0.208810329437,-0.0888257920742,0.0591022334993,-0.077392205596,-0.147565126419,-0.0992834419012,0.1871227175,-0.0736472904682,0.0649329647422,0.090639539063
249,4144.50001715,0.0,0.0,1.51152729988,0.209758341312,-1.24361228943,-0.687454581261,0.110610723495,0.0,1.49306452274,-0.174888595939,1.38194906712,0.607422053814,0.176352053881,0.0,-0.14726768434,0.0713806450367,0.208908677101,-0.0888417586684,0.0592510290444,-0.0791708528996,-0.14726768434,-0.0968668758869,0.18745881319,-0.0736655071378,0.0649811625481,0.088810428977
250,4170.0000763,0.0,0.0,1.51111650467,0.209666192532,-1.24449586868,-0.685538113117,0.110462702811,0.0,1.49383509159,-0.174746841192,1.38302767277,0.607620477676,0.176286235452,0.0,-0.147060349584,0.0730499327183,0.208984300494,-0.0888600945473,0.0593472383916,-0.0804277062416,-0.147060349584,-0.0951666459441,0.187689080834,-0.0736792609096,0.0650063380599,0.0875329747796
251,4190.500021,0.0,0.0,1.51063203812,0.209590345621,-1.24524891376,-0.683431863785,0.11031909287,0.0,1.49439561367,-0.174606665969,1.38401317596,0.607433736324,0.1762265414,0.0,-0.146846979856,0.0747873932123,0.209067195654,-0.0888841748238,0.0594407618046,-0.0817366838455,-0.146846979856,-0.0934011787176,0.187923744321,-0.0736943930387,0.0650259256363,0.086213350296
252,4211.0000849,0.0,0.0,1.51007974148,0.209530413151,-1.24587714672,-0.681149721146,0.110179789364,0.0,1.49474871159,-0.174468174577,1.38490498066,0.606872141361,0.176172867417,0.0,-0.146628573537,0.0765874907374,0.20915672183,-0.0889136642218,0.0595313534141,-0.0830937474966,-0.146628573537,-0.0915756970644,0.188162341714,-0.0737109556794,0.0650399103761,0.0848552137613
253,4231.50002955,0.0,0.0,1.50946521759,0.209485948086,-1.24638617039,-0.678705692291,0.110044673085,0.0,1.49489939213,-0.174331486225,1.38570296764,0.605949223042,0.176125079393,0.0,-0.146406158805,0.0784446969628,0.209252223372,-0.0889481976628,0.0596187524498,-0.0844948366284,-0.146406158805,-0.0896954461932,0.188404396176,-0.0737290158868,0.0650482848287,0.08346221596
254,4256.5000057,0.0,0.0,1.50843918324,0.209447294474,-1.24693894386,-0.674766719341,0.109849631786,0.0,1.49476063251,-0.174130171537,1.3867251873,0.60392165184,0.176063984632,0.0,-0.146067261696,0.0813254714012,0.2094052881,-0.0890087038279,0.0597433261573,-0.0866701453924,-0.146067261696,-0.0867838412523,0.188772916794,-0.0737590640783,0.0650502666831,0.0813153758645
255,4281.4999819,0.0,0.0,1.50769388676,0.209439560771,-1.24717545509,-0.671979188919,0.109724536538,0.0,1.49443650246,-0.173998743296,1.3872910738,0.602165460587,0.176030009985,0.0,-0.145839288831,0.0833012387156,0.209512904286,-0.0890543311834,0.0598216578364,-0.0881635546684,-0.145839288831,-0.0847895666957,0.189021527767,-0.0737811550498,0.0650445222855,0.0798512399197
256,4301.500082,0.0,0.0,1.50690627098,0.209445700049,-1.24731302261,-0.669078826904,0.109603255987,0.0,1.49393725395,-0.173869878054,1.38776540756,0.600105941296,0.176001191139,0.0,-0.145610868931,0.0853147432208,0.209624230862,-0.089103795588,0.0598959214985,-0.0896867960691,-0.145610868931,-0.0827588587999,0.18927192688,-0.073804974556,0.0650330930948,0.0783650502563
257,4327.00002195,0.0,0.0,1.50565755367,0.209479913116,-1.24734663963,-0.664547264576,0.109428234398,0.0,1.49288010597,-0.173682108521,1.38830673695,0.596486568451,0.175967082381,0.0,-0.145269647241,0.0883936658502,0.209796741605,-0.0891843959689,0.0599991381168,-0.0920187160373,-0.145269647241,-0.0796559229493,0.18964985013,-0.0738440901041,0.065005287528,0.0761024132371
258,4347.50008585,0.0,0.0,1.50478863716,0.209518715739,-1.24726235867,-0.661426067352,0.109316006303,0.0,1.49198389053,-0.1735612005,1.38855540752,0.593746244907,0.175950095057,0.0,-0.145044580102,0.0904773250222,0.209914505482,-0.08924189955,0.0600621290505,-0.0935987979174,-0.145044580102,-0.0775570049882,0.189902663231,-0.0738725066185,0.0649796053767,0.0745770782232
259,4373.00002575,0.0,0.0,1.50389719009,0.20956979692,-1.24709963799,-0.658241033554,0.109207205474,0.0,1.49094581604,-0.173444241285,1.38871514797,0.590764939785,0.175937414169,0.0,-0.144822642207,0.0925793498755,0.210033684969,-0.0893020033836,0.0601201690733,-0.0951945111156,-0.144822642207,-0.0754399821162,0.190155595541,-0.0739028826356,0.0649481937289,0.0730424970388
260,4393.50008965,0.0,0.0,1.50298881531,0.209632709622,-1.24686396122,-0.655006289482,0.109101720154,0.0,1.48977589607,-0.173331707716,1.38878679276,0.587560534477,0.175928816199,0.0,-0.144604846835,0.0946942269802,0.210153654218,-0.0893643721938,0.0601730123162,-0.0968018174171,-0.144604846835,-0.0733100771904,0.190408185124,-0.07393527776,0.0649110376835,0.0715023130178
261,4414.00003435,0.0,0.0,1.50206911564,0.209707021713,-1.24656128883,-0.651735782623,0.108999453485,0.0,1.48848426342,-0.173224106431,1.38877105713,0.584150969982,0.175924062729,0.0,-0.144392222166,0.0968164280057,0.210273772478,-0.0894286483526,0.0602203980088,-0.0984166488051,-0.144392222166,-0.0711725205183,0.190659970045,-0.0739697515965,0.0648681148887,0.0699601843953
262,4434.499979,0.0,0.0,1.50068092346,0.209838926792,-1.24599444866,-0.646793723106,0.108851835132,0.0,1.48634076118,-0.173073127866,1.38858520985,0.578691244125,0.175923615694,0.0,-0.144085168839,0.100001320243,0.210452765226,-0.0895278677344,0.0602807067335,-0.100844144821,-0.144085168839,-0.0679633170366,0.191035062075,-0.0740255191922,0.0647928863764,0.067651361227
263,4455.5000067,0.0,0.0,1.49970269203,0.209941998124,-1.24557006359,-0.643468677998,0.108757115901,0.0,1.48478925228,-0.17298027873,1.38835442066,0.574847280979,0.175927430391,0.0,-0.143889904022,0.102117590606,0.210570365191,-0.0895953848958,0.0603133626282,-0.102460056543,-0.143889904022,-0.0658295527101,0.191282704473,-0.0740654841065,0.0647354796529,0.0661203786731
264,4476.00007055,0.0,0.0,1.49875211716,0.210057929158,-1.24509119987,-0.640169382095,0.10866522789,0.0,1.48315179348,-0.172894343734,1.38803887367,0.570860981941,0.175934225321,0.0,-0.143703356385,0.10422180593,0.210685834289,-0.0896635875106,0.0603396855295,-0.104069307446,-0.143703356385,-0.0637064799666,0.191527873278,-0.0741077661514,0.0646722540259,0.0646002590656
265,4501.00004675,0.0,0.0,1.49782896042,0.210186198354,-1.244566679,-0.636904299259,0.108576051891,0.0,1.48143851757,-0.172815933824,1.38763916492,0.566750228405,0.175943791866,0.0,-0.143526554108,0.106308437884,0.21079851687,-0.0897321254015,0.0603594221175,-0.105667844415,-0.143526554108,-0.061599329114,0.191770091653,-0.0741524249315,0.0646031945944,0.0630946606398
266,4521.4999914,0.0,0.0,1.49693489075,0.21032615006,-1.24400401115,-0.633684337139,0.108489491045,0.0,1.47965991497,-0.17274568975,1.38715612888,0.562533020973,0.175955891609,0.0,-0.14336052537,0.108371958137,0.210907757282,-0.0898006558418,0.0603723227978,-0.107251606882,-0.14336052537,-0.0595133267343,0.19200886786,-0.0741995200515,0.0645282790065,0.0616072267294
267,4542.0000553,0.0,0.0,1.49607288837,0.210477083921,-1.24341034889,-0.630521714687,0.108405418694,0.0,1.47782623768,-0.172684252262,1.38659060001,0.558227181435,0.175970286131,0.0,-0.143206268549,0.110406838357,0.211012914777,-0.0898688212037,0.0603781342506,-0.108816549182,-0.143206268549,-0.0574537031353,0.192243754864,-0.0742491260171,0.0644474923611,0.0601416192949
268,4567.00003145,0.0,0.0,1.49484872818,0.210722625256,-1.24247574806,-0.625914037228,0.108283765614,0.0,1.47499513626,-0.172610118985,1.38558900356,0.551641404629,0.175995633006,0.0,-0.142999216914,0.113393329084,0.211161568761,-0.0899696275592,0.0603730119765,-0.111119769514,-0.142999216914,-0.0544252246618,0.192587718368,-0.0743283703923,0.0643152743578,0.0579921528697
269,4587.50009535,0.0,0.0,1.49408495426,0.21089810133,-1.24183237553,-0.622952997684,0.108205467463,0.0,1.47306895256,-0.17257373035,1.38482022285,0.547192394733,0.176014691591,0.0,-0.142878890038,0.115332372487,0.211253657937,-0.0900353565812,0.0603600032628,-0.112619891763,-0.142878890038,-0.0524544976652,0.192810744047,-0.0743845254183,0.064219750464,0.0565971285105
270,4608.5000038,0.0,0.0,1.49336862564,0.211082294583,-1.24117994308,-0.620096683502,0.108129285276,0.0,1.47112393379,-0.172548621893,1.3839713335,0.542717456818,0.176035195589,0.0,-0.142773896456,0.117223404348,0.211339399219,-0.0900995135307,0.0603390261531,-0.114086993039,-0.142773896456,-0.0505284890532,0.193028226495,-0.0744434073567,0.064118295908,0.0552367344499
271,4634.00006295,0.0,0.0,1.49270486832,0.211274668574,-1.24052429199,-0.617359042168,0.108055107296,0.0,1.46917021275,-0.172535508871,1.38304305077,0.538234472275,0.176056906581,0.0,-0.14268527925,0.119060911238,0.211418122053,-0.0901617333293,0.0603098273277,-0.115517027676,-0.14268527925,-0.0486524179578,0.193239659071,-0.0745050907135,0.0640109032393,0.0539146214724
272,4658.50007535,0.0,0.0,1.49181902409,0.211577385664,-1.23954808712,-0.613505959511,0.107947356999,0.0,1.4662463665,-0.172540083528,1.38150310516,0.531534016132,0.176091209054,0.0,-0.142585277557,0.121704645455,0.211521655321,-0.0902506709099,0.0602500624955,-0.117583684623,-0.142585277557,-0.0459434501827,0.193544432521,-0.0746030062437,0.0638386309147,0.0520112514496
273,4679.4999838,0.0,0.0,1.49130940437,0.211787939072,-1.23891091347,-0.611126601696,0.107877708972,0.0,1.46431648731,-0.172560438514,1.3803794384,0.527109205723,0.1761149019,0.0,-0.142542049289,0.123384065926,0.21158002317,-0.0903065353632,0.0601992122829,-0.118903279305,-0.142542049289,-0.0442151799798,0.193738684058,-0.0746719613671,0.0637163072824,0.0508008636534
274,4700.0000477,0.0,0.0,1.4908708334,0.212004944682,-1.238291502,-0.608915269375,0.107809685171,0.0,1.46241402626,-0.172595620155,1.37917864323,0.522738993168,0.176138967276,0.0,-0.142518743873,0.124990589917,0.211629107594,-0.0903592407703,0.0601392574608,-0.120171606541,-0.142518743873,-0.0425551943481,0.193925216794,-0.0747439488769,0.0635879859328,0.0496415644884
275,4721.00007535,0.0,0.0,1.49050867558,0.212227985263,-1.23769581318,-0.606885969639,0.107743173838,0.0,1.46054935455,-0.172646477818,1.37790155411,0.518441200256,0.176163166761,0.0,-0.142516389489,0.126518666744,0.211668252945,-0.0904084444046,0.0600699521601,-0.121384620667,-0.142516389489,-0.0409687198699,0.194103583694,-0.0748190283775,0.0634536519647,0.0485370084643
276,4741.50002005,0.0,0.0,1.49022817612,0.212456613779,-1.23712980747,-0.605052828789,0.107678063214,0.0,1.45873272419,-0.172713875771,1.3765488863,0.514233708382,0.176187247038,0.0,-0.142536014318,0.127962768078,0.211696818471,-0.0904537960887,0.0599910393357,-0.122538246214,-0.142536014318,-0.0394610017538,0.19427330792,-0.0748972594738,0.0633132830262,0.0474908575416
277,4767.00007915,0.0,0.0,1.4899725914,0.212809175253,-1.23634958267,-0.602701842785,0.10758279264,0.0,1.45612037182,-0.172848016024,1.37437951565,0.508130908012,0.176222667098,0.0,-0.142608880997,0.129959374666,0.211718410254,-0.0905138403177,0.0598541125655,-0.124148495495,-0.142608880997,-0.0373585224152,0.194510608912,-0.0750206708908,0.0630913898349,0.0460391230881
278,4792.0000553,0.0,0.0,1.48992025852,0.213049992919,-1.23588395119,-0.601420879364,0.107520714402,0.0,1.45446872711,-0.172960832715,1.37284076214,0.504227340221,0.176245436072,0.0,-0.142687886953,0.131169348955,0.211717680097,-0.0905480310321,0.0597500875592,-0.125135943294,-0.142687886953,-0.0360705889761,0.194656610489,-0.075107075274,0.0629358738661,0.0451549775898
279,4812.5,0.0,0.0,1.48996794224,0.213294938207,-1.23546826839,-0.600384354591,0.107459679246,0.0,1.45290076733,-0.173093497753,1.37122881413,0.500476658344,0.176267281175,0.0,-0.142791941762,0.132276713848,0.211704358459,-0.0905772596598,0.0596357882023,-0.126050233841,-0.142791941762,-0.034879218787,0.194792300463,-0.0751967355609,0.0627744495869,0.0443416684866
280,4833.0000639,0.0,0.0,1.49011695385,0.213543280959,-1.23510444164,-0.59959769249,0.107399851084,0.0,1.45142674446,-0.173246979713,1.36954426765,0.496896713972,0.176287934184,0.0,-0.142919614911,0.133279591799,0.211679130793,-0.0906016975641,0.0595120079815,-0.126889407635,-0.142919614911,-0.033787086606,0.194917216897,-0.0752890780568,0.0626079887152,0.0436010509729
281,4854.00009155,0.0,0.0,1.49036443233,0.213794156909,-1.23479056358,-0.599058628082,0.107341609895,0.0,1.45005691051,-0.173422291875,1.36778783798,0.493505358696,0.176307156682,0.0,-0.14306896925,0.134176850319,0.211642920971,-0.0906216576695,0.0593797564507,-0.127651900053,-0.14306896925,-0.0327963531017,0.195030882955,-0.0753834098577,0.062437556684,0.0429346039891
282,4874.50003625,0.0,0.0,1.49090862274,0.214173018932,-1.23440432549,-0.598698198795,0.10725838691,0.0,1.44821953773,-0.173728406429,1.36501991749,0.488810896873,0.17633280158,0.0,-0.14332947135,0.135322183371,0.211570113897,-0.0906438082457,0.0591676943004,-0.128648504615,-0.14332947135,-0.0315050929785,0.19517929852,-0.0755271017551,0.0621767565608,0.0420772582293
283,4899.5000124,0.0,0.0,1.49137675762,0.214425861835,-1.23419511318,-0.598741769791,0.10720654577,0.0,1.44715428352,-0.173962771893,1.36308681965,0.485968977213,0.176347434521,0.0,-0.143524646759,0.135950371623,0.21151059866,-0.0906538143754,0.059018664062,-0.129212543368,-0.143524646759,-0.0307772960514,0.195262849331,-0.0756233483553,0.0620009936392,0.0416027419269
284,4925.00007155,0.0,0.0,1.49221765995,0.214803129435,-1.23393821716,-0.599203288555,0.107135877013,0.0,1.44582152367,-0.174362421036,1.36005711555,0.482182323933,0.176365062594,0.0,-0.14384482801,0.136686727405,0.211407244205,-0.090662419796,0.0587861537933,-0.129904195666,-0.14384482801,-0.0298905726522,0.195363909006,-0.0757666379213,0.0617371499538,0.0410402603447
285,4945.5000162,0.0,0.0,1.4928586483,0.215051934123,-1.23379504681,-0.599756360054,0.107094496489,0.0,1.44512426853,-0.174662515521,1.3579518795,0.480001151562,0.176373586059,0.0,-0.144073784351,0.137038692832,0.21133030951,-0.0906643122435,0.058626640588,-0.130260080099,-0.144073784351,-0.0294392164797,0.195414423943,-0.0758604258299,0.0615626610816,0.0407669655979
286,4971.00007535,0.0,0.0,1.49355399609,0.21529750526,-1.23366630077,-0.600490391254,0.107058510184,0.0,1.44458937645,-0.174990490079,1.35578107834,0.478110909462,0.176379337907,0.0,-0.144312873483,0.137278154492,0.2112480551,-0.0906634628773,0.0584646947682,-0.130529984832,-0.144312873483,-0.0291022136807,0.195450931787,-0.0759520158172,0.0613905228674,0.0405767597258
287,4991.50002005,0.0,0.0,1.49429512024,0.215538918972,-1.23354506493,-0.601391911507,0.107028618455,0.0,1.44421875477,-0.175346240401,1.35355186462,0.47651553154,0.176382407546,0.0,-0.144560202956,0.137403979897,0.211161419749,-0.0906601697206,0.0583013184369,-0.130712375045,-0.144560202956,-0.0288817230612,0.195472970605,-0.076040700078,0.0612217970192,0.0404711253941
