Time,HeadYaw,HeadPitch,LShoulderPitch,LShoulderRoll,LElbowYaw,LElbowRoll,LWristYaw,LHand,RShoulderPitch,RShoulderRoll,RElbowYaw,RElbowRoll,RWristYaw,RHand,LHipYawPitch,LHipRoll,LHipPitch,LKneePitch,LAnklePitch,LAnkleRoll,RHipYawPitch,RHipRoll,RHipPitch,RKneePitch,RAnklePitch,RAnkleRoll
40.9998893738,-0.000157170259627,0.000604210596066,0.000682827900164,0.00894329044968,-0.000490855891258,-0.035727340728,2.02581722988e-05,0.000136083443067,0.000193221771042,-0.00880191940814,-0.000244818133069,0.0359628535807,-4.82557625219e-05,0.000547639501747,0.0,0.0,0.0,0.0,0.0,0.0,0.0,0.0,0.0,0.0,0.0,0.0
90.9998416901,-0.00243214308284,0.00914947502315,0.0165992509574,0.01399314031,-0.0119324959815,-0.0548587068915,0.000506278825924,0.00211640005,0.00466341665015,-0.0106242252514,-0.00590869691223,0.0603995583951,-0.00120426143985,0.00850212667137,0.0,0.0,0.0,0.0,0.0,0.0,0.0,0.0,0.0,0.0,0.0,0.0
132.999897003,-0.00534844910726,0.0198094751686,0.043647184968,0.0225747190416,-0.0313761048019,-0.0873700380325,0.00135815795511,0.00467049796134,0.0121965873986,-0.0138482879847,-0.0154534624889,0.101580284536,-0.00322733656503,0.0187396258116,0.0,0.0,0.0,0.0,0.0,0.0,0.0,0.0,0.0,0.0,0.0,0.0
174.000024796,-0.00928813870996,0.0338357947767,0.0851705521345,0.0357489623129,-0.0612254887819,-0.13728068769,0.00270828651264,0.00814061332494,0.0236579570919,-0.0190054941922,-0.0299753807485,0.164234861732,-0.00642872275785,0.0326212793589,0.0,0.0,0.0,0.0,0.0,0.0,0.0,0.0,0.0,0.0,0.0,0.0
224.999904633,-0.0169358644634,0.0600542128086,0.172874480486,0.0635750442743,-0.124272115529,-0.242699861526,0.00569807179272,0.0149300266057,0.0475290045142,-0.0305757317692,-0.0602207519114,0.294728010893,-0.0135023733601,0.0597075559199,0.0,0.0,0.0,0.0,0.0,0.0,0.0,0.0,0.0,0.0,0.0,0.0
274.999856949,-0.0230727158487,0.0802305415273,0.245843097568,0.0867260172963,-0.176726147532,-0.330407351255,0.00832001119852,0.0204235948622,0.0670611038804,-0.0408616475761,-0.0849685370922,0.4015019238,-0.0196911972016,0.0815616250038,0.0,0.0,0.0,0.0,0.0,0.0,0.0,0.0,0.0,0.0,0.0,0.0
315.00005722,-0.0299439113587,0.101960532367,0.327885508537,0.112755857408,-0.235702931881,-0.429021477699,0.011418367736,0.0266199149191,0.0886549130082,-0.0531642399728,-0.112328581512,0.51954638958,-0.0269891433418,0.106149472296,0.0,0.0,0.0,0.0,0.0,0.0,0.0,0.0,0.0,0.0,0.0,0.0
365.000009537,-0.0414469577372,0.136335790157,0.462610453367,0.155500426888,-0.3325509727,-0.590959429741,0.0168929323554,0.0370987430215,0.123170949519,-0.0752633064985,-0.156061500311,0.708231270313,-0.0398463606834,0.147588089108,0.0,0.0,0.0,0.0,0.0,0.0,0.0,0.0,0.0,0.0,0.0,0.0
405.999898911,-0.0497927293181,0.159684211016,0.556443154812,0.185271024704,-0.400003314018,-0.703745365143,0.0210447646677,0.0447853319347,0.146383047104,-0.0923172682524,-0.185471951962,0.835122168064,-0.0495663844049,0.17787244916,0.0,0.0,0.0,0.0,0.0,0.0,0.0,0.0,0.0,0.0,0.0,0.0
455.999851227,-0.0585838221014,0.182773694396,0.650399029255,0.215080663562,-0.467544168234,-0.816679298878,0.0255566947162,0.0529613979161,0.168759703636,-0.111133225262,-0.213823884726,0.957446098328,-0.0600999258459,0.2099801898,0.0,0.0,0.0,0.0,0.0,0.0,0.0,0.0,0.0,0.0,0.0,0.0
497.99990654,-0.0677376314998,0.205086320639,0.741368055344,0.246028006077,-0.534478664398,-0.921990931034,0.0303920339793,0.0615660063922,0.182194873691,-0.139506697655,-0.235173881054,1.06052029133,-0.0713542476296,0.243651255965,0.0,0.0,0.0,0.0,0.0,0.0,0.0,0.0,0.0,0.0,0.0,0.0
547.999858856,-0.081967830658,0.235965788364,0.868203878403,0.287969172001,-0.625926792622,-1.06906712055,0.0381700024009,0.0751431211829,0.201407834888,-0.180077210069,-0.262998908758,1.19313442707,-0.0893815383315,0.29652005434,0.0,0.0,0.0,0.0,0.0,0.0,0.0,0.0,0.0,0.0,0.0,0.0
588.000059128,-0.0916671976447,0.254070550203,0.942287802696,0.312259078026,-0.678386390209,-1.15300369263,0.0436505749822,0.0845524817705,0.208241686225,-0.206662997603,-0.274167716503,1.25435900688,-0.102025464177,0.332961469889,0.0,0.0,0.0,0.0,0.0,0.0,0.0,0.0,0.0,0.0,0.0,0.0
638.999938965,-0.101440243423,0.269585818052,1.00290727615,0.329561650753,-0.721534132957,-1.23200213909,0.0493233948946,0.0941771119833,0.220291182399,-0.226435303688,-0.287741035223,1.30501663685,-0.115059010684,0.370055764914,0.0,0.0,0.0,0.0,0.0,0.0,0.0,0.0,0.0,0.0,0.0,0.0
688.999891281,-0.116057366133,0.286870568991,1.06554925442,0.34795537591,-0.766235649586,-1.31200313568,0.0581104680896,0.108884371817,0.217644706368,-0.264149010181,-0.290859013796,1.33388984203,-0.135131329298,0.426352530718,0.0,0.0,0.0,0.0,0.0,0.0,0.0,0.0,0.0,0.0,0.0,0.0
730.000019073,-0.125653356314,0.293646335602,1.0873708725,0.354272454977,-0.781901359558,-1.34018671513,0.0640985965729,0.118780568242,0.198002099991,-0.293844491243,-0.280351519585,1.32835781574,-0.148721709847,0.463941186666,0.0,0.0,0.0,0.0,0.0,0.0,0.0,0.0,0.0,0.0,0.0,0.0
779.99997139,-0.135034024715,0.296020030975,1.0983864069,0.356987208128,-0.790124535561,-1.35599946976,0.0701466426253,0.128678768873,0.15902467072,-0.329888612032,-0.257190972567,1.30375683308,-0.162367731333,0.501272439957,0.0,0.0,0.0,0.0,0.0,0.0,0.0,0.0,0.0,0.0,0.0,0.0
829.999923706,-0.149779841304,0.289688169956,1.1018794775,0.356129407883,-0.793844044209,-1.36664128304,0.079248264432,0.143396496773,0.0670903772116,-0.394095540047,-0.201111912727,1.23566925526,-0.182732194662,0.556217670441,0.0,0.0,0.0,0.0,0.0,0.0,0.0,0.0,0.0,0.0,0.0,0.0
879.999876022,-0.160486400127,0.278975218534,1.0983569622,0.353044658899,-0.792616307735,-1.3687171936,0.0852804929018,0.153033077717,-0.0103367604315,-0.440011024475,-0.153487503529,1.17527782917,-0.196099445224,0.591767430305,0.0,0.0,0.0,0.0,0.0,0.0,0.0,0.0,0.0,0.0,0.0,0.0
929.999828339,-0.177622392774,0.254473119974,1.08717620373,0.345533132553,-0.787184596062,-1.36760675907,0.0941809266806,0.167072758079,-0.145806863904,-0.512129187584,-0.0699112266302,1.06767988205,-0.215597853065,0.642821073532,0.0,0.0,0.0,0.0,0.0,0.0,0.0,0.0,0.0,0.0,0.0,0.0
970.999956131,-0.1896250844,0.233277842402,1.07745218277,0.339597344398,-0.781662464142,-1.36503171921,0.0999607145786,0.17606690526,-0.245772987604,-0.561385393143,-0.00815895199776,0.987665951252,-0.228089153767,0.674963593483,0.0,0.0,0.0,0.0,0.0,0.0,0.0,0.0,0.0,0.0,0.0,0.0
1011.9998455,-0.201979741454,0.208803012967,1.06593251228,0.332619696856,-0.775235891342,-1.36145925522,0.105573266745,0.184697419405,-0.350731402636,-0.610736966133,0.0567077323794,0.903420329094,-0.240062847733,0.705288052559,0.0,0.0,0.0,0.0,0.0,0.0,0.0,0.0,0.0,0.0,0.0,0.0
1060.9998703,-0.214591190219,0.181570604444,1.05310106277,0.324814796448,-0.768138229847,-1.35713505745,0.110980704427,0.192903354764,-0.458275467157,-0.65943145752,0.123189106584,0.816970407963,-0.25142338872,0.733534395695,0.0,0.0,0.0,0.0,0.0,0.0,0.0,0.0,0.0,0.0,0.0,0.0
1102.99992561,-0.233781784773,0.13669334352,1.03231060505,0.311982035637,-0.756665766239,-1.34960341454,0.118624456227,0.204282999039,-0.619099736214,-0.729564726353,0.222622826695,0.68756955862,-0.267105519772,0.771438241005,0.0,0.0,0.0,0.0,0.0,0.0,0.0,0.0,0.0,0.0,0.0,0.0
1144.00005341,-0.246619015932,0.104850612581,1.01797831059,0.302942872047,-0.748727440834,-1.3440631628,0.123353466392,0.211161002517,-0.722400426865,-0.773252487183,0.286496281624,0.604412913322,-0.276515126228,0.793351173401,0.0,0.0,0.0,0.0,0.0,0.0,0.0,0.0,0.0,0.0,0.0,0.0
1184.99994278,-0.259380042553,0.0720771700144,1.0036894083,0.293721288443,-0.740754008293,-1.33822095394,0.127744853497,0.217401146889,-0.81968665123,-0.813578009605,0.346652805805,0.526082575321,-0.284977138042,0.812275588512,0.0,0.0,0.0,0.0,0.0,0.0,0.0,0.0,0.0,0.0,0.0,0.0
1234.9998951,-0.271969765425,0.038894943893,0.989793121815,0.284488767385,-0.732909202576,-1.33216035366,0.131760716438,0.222942590714,-0.908482193947,-0.849760890007,0.401560246944,0.454580307007,-0.292396008968,0.827951312065,0.0,0.0,0.0,0.0,0.0,0.0,0.0,0.0,0.0,0.0,0.0,0.0
1276.00002289,-0.28429299593,0.00582588976249,0.976632535458,0.275414794683,-0.725354552269,-1.32595813274,0.135363221169,0.227724298835,-0.986308336258,-0.881019473076,0.449685186148,0.391906946898,-0.298676162958,0.840118229389,0.0,0.0,0.0,0.0,0.0,0.0,0.0,0.0,0.0,0.0,0.0,0.0
1316.99991226,-0.296254605055,-0.026607953012,0.964547514915,0.26666778326,-0.718250334263,-1.31968688965,0.138514488935,0.231685400009,-1.05068469048,-0.906571626663,0.48949354887,0.340062588453,-0.303722053766,0.848516404629,0.0,0.0,0.0,0.0,0.0,0.0,0.0,0.0,0.0,0.0,0.0,0.0
1358.99996758,-0.307759463787,-0.0578847639263,0.953875720501,0.258415549994,-0.711756229401,-1.31341683865,0.141176655889,0.234764903784,-1.09913015366,-0.925634622574,0.51945078373,0.301047176123,-0.307438105345,0.852885603905,0.0,0.0,0.0,0.0,0.0,0.0,0.0,0.0,0.0,0.0,0.0,0.0
1408.99991989,-0.323952168226,-0.101488552988,0.941253900528,0.247331514955,-0.703507244587,-1.30416429043,0.144170030951,0.237597972155,-1.1397383213,-0.940243721008,0.544323682785,0.268411874771,-0.310545891523,0.853567063808,0.0,0.0,0.0,0.0,0.0,0.0,0.0,0.0,0.0,0.0,0.0,0.0
1458.99987221,-0.333898872137,-0.127589002252,0.93558627367,0.241049349308,-0.699234724045,-1.29819619656,0.145443797112,0.238206997514,-1.15224504471,-0.939618051052,0.551048159599,0.258940607309,-0.311572879553,0.85365241766,0.0,0.0,0.0,0.0,0.0,0.0,0.0,0.0,0.0,0.0,0.0,0.0
1509.00006294,-0.347308367491,-0.160981655121,0.930959820747,0.233352273703,-0.694648861885,-1.28925061226,0.146430686116,0.238312542439,-1.1591925621,-0.923353970051,0.551818370819,0.257196009159,-0.312359541655,0.853773653507,0.0,0.0,0.0,0.0,0.0,0.0,0.0,0.0,0.0,0.0,0.0,0.0
1549.99995232,-0.355155289173,-0.179078623652,0.92950284481,0.229115188122,-0.692473292351,-1.28286671638,0.146733626723,0.238380566239,-1.15901720524,-0.903240561485,0.547915935516,0.263520270586,-0.312617838383,0.853850066662,0.0,0.0,0.0,0.0,0.0,0.0,0.0,0.0,0.0,0.0,0.0,0.0
1599.99990463,-0.362388521433,-0.196110084653,0.928853273392,0.225446492434,-0.690821945667,-1.27601897717,0.146876126528,0.238446772099,-1.15642476082,-0.87676846981,0.541403114796,0.276156783104,-0.31276461482,0.853923082352,0.0,0.0,0.0,0.0,0.0,0.0,0.0,0.0,0.0,0.0,0.0,0.0
1649.99985695,-0.372217983007,-0.220331639051,0.928866565228,0.220833688974,-0.689107000828,-1.2649128437,0.146906331182,0.238542720675,-1.14957046509,-0.827447593212,0.527911484241,0.3086130023,-0.312870651484,0.854026257992,0.0,0.0,0.0,0.0,0.0,0.0,0.0,0.0,0.0,0.0,0.0,0.0
1690.00005722,-0.378117203712,-0.235524475574,0.929313421249,0.218269303441,-0.688357889652,-1.2570618391,0.146846964955,0.238604471087,-1.14372503757,-0.789798855782,0.517045140266,0.341667473316,-0.312899231911,0.854091048241,0.0,0.0,0.0,0.0,0.0,0.0,0.0,0.0,0.0,0.0,0.0,0.0
1730.99994659,-0.383514642715,-0.249896526337,0.929994165897,0.216063797474,-0.687846541405,-1.24897885323,0.146742865443,0.238664492965,-1.13726949692,-0.749691903591,0.505093634129,0.386429518461,-0.312908470631,0.854152619839,0.0,0.0,0.0,0.0,0.0,0.0,0.0,0.0,0.0,0.0,0.0,0.0
1782.00006485,-0.390709668398,-0.26980894804,0.931304216385,0.213354364038,-0.687392234802,-1.23669672012,0.146521404386,0.238751292229,-1.12704944611,-0.687513291836,0.485823452473,0.474056094885,-0.312899112701,0.854239225388,0.0,0.0,0.0,0.0,0.0,0.0,0.0,0.0,0.0,0.0,0.0,0.0
1832.00001717,-0.394932061434,-0.281915694475,0.932292878628,0.211904257536,-0.687212347984,-1.2286015749,0.146337434649,0.238807082176,-1.12023282051,-0.646457374096,0.472517341375,0.54254001379,-0.312881737947,0.854293227196,0.0,0.0,0.0,0.0,0.0,0.0,0.0,0.0,0.0,0.0,0.0,0.0
1881.99996948,-0.400449723005,-0.298201590776,0.933840274811,0.210196048021,-0.686982512474,-1.21695184708,0.146014213562,0.238887652755,-1.11056053638,-0.588469266891,0.452591538429,0.651607036591,-0.312842100859,0.854368925095,0.0,0.0,0.0,0.0,0.0,0.0,0.0,0.0,0.0,0.0,0.0,0.0
1931.9999218,-0.403610676527,-0.307738304138,0.934859275818,0.209331288934,-0.686771810055,-1.20972442627,0.145769879222,0.238939329982,-1.10479104519,-0.55396270752,0.439743638039,0.722649514675,-0.312807232141,0.854415953159,0.0,0.0,0.0,0.0,0.0,0.0,0.0,0.0,0.0,0.0,0.0,0.0
1973.00004959,-0.40637883544,-0.316161632538,0.935826838017,0.208656594157,-0.686447679996,-1.20309817791,0.145503982902,0.238989442587,-1.099807024,-0.524183511734,0.427572757006,0.787349998951,-0.312765568495,0.85446023941,0.0,0.0,0.0,0.0,0.0,0.0,0.0,0.0,0.0,0.0,0.0,0.0
2013.99993896,-0.40877237916,-0.323422849178,0.936709165573,0.20814730227,-0.685952067375,-1.19722008705,0.145217627287,0.239037975669,-1.09581375122,-0.500337302685,0.416358858347,0.841281890869,-0.312716841698,0.854501903057,0.0,0.0,0.0,0.0,0.0,0.0,0.0,0.0,0.0,0.0,0.0,0.0
2054.99982834,-0.410809457302,-0.329473167658,0.937473416328,0.207778871059,-0.685226798058,-1.19223713875,0.144911721349,0.239084973931,-1.09301531315,-0.483630090952,0.406381338835,0.879953444004,-0.312660723925,0.854541063309,0.0,0.0,0.0,0.0,0.0,0.0,0.0,0.0,0.0,0.0,0.0,0.0
2095.99995613,-0.412508249283,-0.334263890982,0.93808722496,0.207526937127,-0.684213340282,-1.18829643726,0.144587099552,0.239130437374,-1.09207868576,-0.475841075182,0.397723376751,0.90142840147,-0.312596768141,0.85457777977,0.0,0.0,0.0,0.0,0.0,0.0,0.0,0.0,0.0,0.0,0.0,0.0
2145.99990845,-0.414461910725,-0.338981449604,0.938597917557,0.207321003079,-0.681994736195,-1.18465459347,0.144066900015,0.239195868373,-1.09637880325,-0.484473675489,0.386678874493,0.907396376133,-0.312485218048,0.854628443718,0.0,0.0,0.0,0.0,0.0,0.0,0.0,0.0,0.0,0.0,0.0,0.0
2187.00003624,-0.415394484997,-0.340409725904,0.938053846359,0.207328051329,-0.679688096046,-1.18384885788,0.143699064851,0.23923766613,-1.10344624519,-0.503761470318,0.380368739367,0.897111415863,-0.312399744987,0.854659378529,0.0,0.0,0.0,0.0,0.0,0.0,0.0,0.0,0.0,0.0,0.0,0.0
2227.99992561,-0.416062265635,-0.339541912079,0.936240136623,0.207493901253,-0.67644995451,-1.18429672718,0.143315285444,0.239278033376,-1.11363995075,-0.532690823078,0.374782860279,0.877330482006,-0.312304794788,0.854688227177,0.0,0.0,0.0,0.0,0.0,0.0,0.0,0.0,0.0,0.0,0.0,0.0
2277.99987793,-0.416546165943,-0.331613361835,0.933020532131,0.207829579711,-0.672266423702,-1.18590605259,0.142916351557,0.239316999912,-1.12650120258,-0.569697976112,0.3698554039,0.849382102489,-0.312199890614,0.854714870453,0.0,0.0,0.0,0.0,0.0,0.0,0.0,0.0,0.0,0.0,0.0,0.0
2328.99999619,-0.417003780603,-0.307444006205,0.925707638264,0.20864520967,-0.664447486401,-1.1902358532,0.142291143537,0.239372864366,-1.14950072765,-0.636314570904,0.363594442606,0.794697642326,-0.312022805214,0.854751169682,0.0,0.0,0.0,0.0,0.0,0.0,0.0,0.0,0.0,0.0,0.0,0.0
2378.9999485,-0.417169183493,-0.284937083721,0.919450581074,0.209382668138,-0.658450186253,-1.19420301914,0.141857594252,0.239408433437,-1.16633617878,-0.685209035873,0.360119134188,0.751305162907,-0.31189084053,0.854772925377,0.0,0.0,0.0,0.0,0.0,0.0,0.0,0.0,0.0,0.0,0.0,0.0
2419.99983788,-0.417254120111,-0.258747220039,0.912385880947,0.210259571671,-0.652059555054,-1.19886791706,0.141411527991,0.239442676306,-1.18355131149,-0.735254466534,0.3571652174,0.698131203651,-0.311747193336,0.854792952538,0.0,0.0,0.0,0.0,0.0,0.0,0.0,0.0,0.0,0.0,0.0,0.0
2460.99996567,-0.41728541255,-0.230102062225,0.904807209969,0.211260840297,-0.645493805408,-1.20408308506,0.140953689814,0.239475637674,-1.20041954517,-0.784316599369,0.354703605175,0.626953661442,-0.311591356993,0.854811191559,0.0,0.0,0.0,0.0,0.0,0.0,0.0,0.0,0.0,0.0,0.0,0.0
2510.99991798,-0.417290449142,-0.185216143727,0.893163502216,0.212960809469,-0.635813117027,-1.21261096001,0.140246540308,0.239522695541,-1.22345733643,-0.851344943047,0.351873874664,0.492637991905,-0.311333686113,0.854835450649,0.0,0.0,0.0,0.0,0.0,0.0,0.0,0.0,0.0,0.0,0.0,0.0
2560.9998703,-0.417304962873,-0.15580368042,0.885693609715,0.214201882482,-0.629808545113,-1.21854686737,0.139762610197,0.239552527666,-1.23622119427,-0.888487458229,0.350523471832,0.399201542139,-0.311145186424,0.854849696159,0.0,0.0,0.0,0.0,0.0,0.0,0.0,0.0,0.0,0.0,0.0,0.0
2611.99998856,-0.417410582304,-0.115521423519,0.875762939453,0.216182202101,-0.622059822083,-1.22744977474,0.139019832015,0.239595025778,-1.24960577488,-0.927439033985,0.349236339331,0.288330584764,-0.310836136341,0.854868412018,0.0,0.0,0.0,0.0,0.0,0.0,0.0,0.0,0.0,0.0,0.0,0.0
2661.99994087,-0.417697221041,-0.0835258215666,0.868377149105,0.218252077699,-0.616524994373,-1.23589849472,0.138259083033,0.239634886384,-1.25592255592,-0.941526114941,0.348648250103,0.234349578619,-0.310494035482,0.854884028435,0.0,0.0,0.0,0.0,0.0,0.0,0.0,0.0,0.0,0.0,0.0,0.0
2711.99989319,-0.418033599854,-0.0688451528549,0.865389168262,0.219660401344,-0.614485025406,-1.2410620451,0.137743189931,0.239660039544,-1.25790882111,-0.937127828598,0.348484426737,0.216818973422,-0.310246795416,0.854892909527,0.0,0.0,0.0,0.0,0.0,0.0,0.0,0.0,0.0,0.0,0.0,0.0
2761.9998455,-0.418823152781,-0.0598679371178,0.863522469997,0.221947431564,-0.614920556545,-1.24851322174,0.136958152056,0.239695727825,-1.25897669792,-0.911861360073,0.348496198654,0.204766795039,-0.309845894575,0.8549041152,0.0,0.0,0.0,0.0,0.0,0.0,0.0,0.0,0.0,0.0,0.0,0.0
2802.00004578,-0.420415014029,-0.061198990792,0.863606095314,0.223650768399,-0.617836236954,-1.25356006622,0.136428415775,0.239718168974,-1.25872910023,-0.884158492088,0.348681092262,0.202623054385,-0.309557884932,0.854910314083,0.0,0.0,0.0,0.0,0.0,0.0,0.0,0.0,0.0,0.0,0.0,0.0
2842.99993515,-0.423720568419,-0.0649748444557,0.864506602287,0.225500941277,-0.622802376747,-1.25874936581,0.135894477367,0.239739567041,-1.2577753067,-0.849190413952,0.349032193422,0.203867778182,-0.309252649546,0.854915499687,0.0,0.0,0.0,0.0,0.0,0.0,0.0,0.0,0.0,0.0,0.0,0.0
2894.00005341,-0.428506165743,-0.0708695203066,0.866060495377,0.227480202913,-0.629639387131,-1.26408064365,0.13535708189,0.23975995183,-1.25607967377,-0.808246433735,0.349579960108,0.208093076944,-0.308929741383,0.854919850826,0.0,0.0,0.0,0.0,0.0,0.0,0.0,0.0,0.0,0.0,0.0,0.0
2944.00000572,-0.437948584557,-0.082971252501,0.869320809841,0.230629518628,-0.642851054668,-1.27226257324,0.134546130896,0.239788666368,-1.25196635723,-0.738525867462,0.350847810507,0.21994908154,-0.308411151171,0.854924917221,0.0,0.0,0.0,0.0,0.0,0.0,0.0,0.0,0.0,0.0,0.0,0.0
2984.9998951,-0.445412129164,-0.0927368551493,0.871943414211,0.232800379395,-0.653201520443,-1.27775597572,0.134003371,0.239806607366,-1.24802160263,-0.688471794128,0.352045953274,0.231786042452,-0.308041870594,0.854927480221,0.0,0.0,0.0,0.0,0.0,0.0,0.0,0.0,0.0,0.0,0.0,0.0
3026.00002289,-0.453538000584,-0.103480383754,0.874802052975,0.234985977411,-0.664416253567,-1.28319907188,0.133459806442,0.239823609591,-1.24297404289,-0.637141764164,0.353572517633,0.247834414244,-0.307653158903,0.854929387569,0.0,0.0,0.0,0.0,0.0,0.0,0.0,0.0,0.0,0.0,0.0,0.0
3076.99990273,-0.462092459202,-0.114875845611,0.877798378468,0.237148791552,-0.676165044308,-1.28851509094,0.132916167378,0.239839717746,-1.23669528961,-0.585898637772,0.355467826128,0.274621367455,-0.307244509459,0.854930818081,0.0,0.0,0.0,0.0,0.0,0.0,0.0,0.0,0.0,0.0,0.0,0.0
3118.00003052,-0.470841944218,-0.126597285271,0.880838215351,0.239250764251,-0.688110888004,-1.29362416267,0.132373228669,0.239854931831,-1.22905361652,-0.536108195782,0.357772558928,0.316114395857,-0.306815445423,0.85493183136,0.0,0.0,0.0,0.0,0.0,0.0,0.0,0.0,0.0,0.0,0.0,0.0
3167.99998283,-0.483820676804,-0.144077584147,0.88527983427,0.242205694318,-0.705652475357,-1.30072009563,0.131561771035,0.239876165986,-1.2147424221,-0.467137694359,0.362086862326,0.4031470716,-0.306132435799,0.854932665825,0.0,0.0,0.0,0.0,0.0,0.0,0.0,0.0,0.0,0.0,0.0,0.0
3208.99987221,-0.492035418749,-0.155187815428,0.888031959534,0.24398727715,-0.716593980789,-1.30495107174,0.131023868918,0.239889293909,-1.20310509205,-0.426963210106,0.365594416857,0.471642136574,-0.305650085211,0.854932904243,0.0,0.0,0.0,0.0,0.0,0.0,0.0,0.0,0.0,0.0,0.0,0.0
3259.00006294,-0.499627381563,-0.165483117104,0.890513896942,0.245572790504,-0.726530194283,-1.30868494511,0.130489304662,0.239901617169,-1.18963193893,-0.393030583858,0.369655042887,0.541831731796,-0.305145561695,0.854933023453,0.0,0.0,0.0,0.0,0.0,0.0,0.0,0.0,0.0,0.0,0.0,0.0
3299.99995232,-0.506362915039,-0.174637526274,0.892638087273,0.246923044324,-0.73511505127,-1.31183815002,0.129958808422,0.23991318047,-1.17418658733,-0.366709172726,0.37430986762,0.607128620148,-0.304618358612,0.854933023453,0.0,0.0,0.0,0.0,0.0,0.0,0.0,0.0,0.0,0.0,0.0,0.0
3349.99990463,-0.514349400997,-0.185516864061,0.894962489605,0.248420968652,-0.744700491428,-1.31529664993,0.12917239964,0.239929124713,-1.14288437366,-0.340266078711,0.393704116344,0.689388513565,-0.302459508181,0.851364552975,0.0,0.0,0.0,0.0,0.0,0.0,0.0,0.0,0.0,0.0,0.0,0.0
3391.99995995,-0.517921686172,-0.190392881632,0.895822048187,0.249017700553,-0.748461067677,-1.31663203239,0.128655433655,0.239938870072,-1.11190915108,-0.327780812979,0.425753802061,0.736574053764,-0.298629850149,0.845265507698,0.0,0.0,0.0,0.0,0.0,0.0,0.0,0.0,0.0,0.0,0.0,0.0
3440.99998474,-0.519819796085,-0.192987069488,0.896158099174,0.249326944351,-0.75044554472,-1.31709647179,0.128145202994,0.239947929978,-1.07119393349,-0.317697167397,0.474675565958,0.779226899147,-0.292330950499,0.836464345455,0.0,0.0,0.0,0.0,0.0,0.0,0.0,0.0,0.0,0.0,0.0,0.0
3481.99987411,-0.519529342651,-0.192644745111,0.895833134651,0.249367177486,-0.751129508018,-1.31610786915,0.127394139767,0.239960283041,-0.991425454617,-0.305437147617,0.573792040348,0.836342871189,-0.27801245451,0.818710267544,0.0,0.0,0.0,0.0,0.0,0.0,0.0,0.0,0.0,0.0,0.0,0.0
3523.99992943,-0.517966032028,-0.190665617585,0.895131528378,0.2491607517,-0.750465989113,-1.31435632706,0.126904025674,0.239967748523,-0.926317036152,-0.29856801033,0.650359630585,0.870519220829,-0.265307724476,0.804182052612,0.0,0.0,0.0,0.0,0.0,0.0,0.0,0.0,0.0,0.0,0.0,0.0
3572.99995422,-0.515456795692,-0.187489017844,0.894083797932,0.248795136809,-0.74910902977,-1.31178414822,0.126423299313,0.239974603057,-0.852452933788,-0.292470037937,0.728790163994,0.90193259716,-0.250254541636,0.787774145603,0.0,0.0,0.0,0.0,0.0,0.0,0.0,0.0,0.0,0.0,0.0,0.0
3613.9998436,-0.512080490589,-0.183214724064,0.892721354961,0.248288363218,-0.747173011303,-1.3084499836,0.12595269084,0.239980906248,-0.770676553249,-0.28700914979,0.802929520607,0.930804669857,-0.233056738973,0.769721508026,0.0,0.0,0.0,0.0,0.0,0.0,0.0,0.0,0.0,0.0,0.0,0.0
3654.00004387,-0.507915914059,-0.177942559123,0.891074240208,0.247655943036,-0.744743704796,-1.30441915989,0.125492975116,0.239986643195,-0.681912064552,-0.282098829746,0.866355955601,0.95731651783,-0.213942497969,0.750259160995,0.0,0.0,0.0,0.0,0.0,0.0,0.0,0.0,0.0,0.0,0.0,0.0
3704.99992371,-0.500363588333,-0.168381556869,0.88813406229,0.246502190828,-0.740323185921,-1.29721724987,0.124825447798,0.239994287491,-0.537793755531,-0.275641143322,0.927984595299,0.993057072163,-0.18221001327,0.718936264515,0.0,0.0,0.0,0.0,0.0,0.0,0.0,0.0,0.0,0.0,0.0,0.0
3754.99987602,-0.494573324919,-0.161051258445,0.885903775692,0.24561548233,-0.736942768097,-1.29174900055,0.1243962273,0.23999877274,-0.43586152792,-0.271881937981,0.94789493084,1.01497113705,-0.159381151199,0.696977436543,0.0,0.0,0.0,0.0,0.0,0.0,0.0,0.0,0.0,0.0,0.0,0.0
3796.99993134,-0.488270670176,-0.153072327375,0.883491635323,0.244649603963,-0.733276605606,-1.28583145142,0.123980537057,0.240002796054,-0.330433011055,-0.268522441387,0.957511246204,1.03605353832,-0.135512024164,0.6744312644,0.0,0.0,0.0,0.0,0.0,0.0,0.0,0.0,0.0,0.0,0.0,0.0
3846.99988365,-0.478028476238,-0.140106037259,0.879597127438,0.243079692125,-0.727348983288,-1.27627229691,0.123384006321,0.240008041263,-0.16797837615,-0.264174491167,0.959840834141,1.06666600704,-0.0983238741755,0.640024542809,0.0,0.0,0.0,0.0,0.0,0.0,0.0,0.0,0.0,0.0,0.0,0.0
3896.99983597,-0.470789760351,-0.130942121148,0.876859843731,0.24197049439,-0.723181009293,-1.26955103874,0.12300542742,0.240011021495,-0.0583023391664,-0.261701434851,0.956141769886,1.08650672436,-0.0729879364371,0.617037832737,0.0,0.0,0.0,0.0,0.0,0.0,0.0,0.0,0.0,0.0,0.0,0.0
3937.00003624,-0.463314622641,-0.121478833258,0.874044418335,0.240825667977,-0.718894481659,-1.26263666153,0.122643016279,0.240013629198,0.0512681081891,-0.259542137384,0.94961720705,1.10586500168,-0.047521032393,0.59428602457,0.0,0.0,0.0,0.0,0.0,0.0,0.0,0.0,0.0,0.0,0.0,0.0
3977.99992561,-0.455681830645,-0.111815974116,0.871180713177,0.239657580853,-0.714535653591,-1.25560247898,0.122297517955,0.240015894175,0.15969991684,-0.257674366236,0.941039681435,1.12466347218,-0.0221841484308,0.572004139423,0.0,0.0,0.0,0.0,0.0,0.0,0.0,0.0,0.0,0.0,0.0,0.0
4029.00004387,-0.44410943985,-0.097165748477,0.866859674454,0.237888887525,-0.707962214947,-1.24498772621,0.121812656522,0.240018695593,0.317951321602,-0.255371659994,0.925554156303,1.15158236027,0.0150059964508,0.539976418018,0.0,0.0,0.0,0.0,0.0,0.0,0.0,0.0,0.0,0.0,0.0,0.0
4078.99999619,-0.436427384615,-0.087440520525,0.864005506039,0.236716762185,-0.70362329483,-1.23797631264,0.121512770653,0.24002020061,0.419013351202,-0.254137605429,0.914135873318,1.16850137711,0.0388749167323,0.519897222519,0.0,0.0,0.0,0.0,0.0,0.0,0.0,0.0,0.0,0.0,0.0,0.0
4119.99988556,-0.428863555193,-0.0778649747372,0.861207306385,0.235564649105,-0.699372410774,-1.23110282421,0.121232442558,0.240021452308,0.515317559242,-0.253119319677,0.90228921175,1.18444931507,0.061699308455,0.501110374928,0.0,0.0,0.0,0.0,0.0,0.0,0.0,0.0,0.0,0.0,0.0,0.0
4161.00001335,-0.421496778727,-0.0685388743877,0.85849493742,0.234444901347,-0.695255160332,-1.22444093227,0.120972432196,0.240022450686,0.605829656124,-0.252295345068,0.8903632164,1.19929385185,0.0832177996635,0.483850747347,0.0,0.0,0.0,0.0,0.0,0.0,0.0,0.0,0.0,0.0,0.0,0.0
4201.99990273,-0.410988539457,-0.0552358180285,0.854652583599,0.232852995396,-0.689429521561,-1.21500599384,0.120622158051,0.240023583174,0.728474855423,-0.251376926899,0.873050034046,1.21919703484,0.112475141883,0.461338818073,0.0,0.0,0.0,0.0,0.0,0.0,0.0,0.0,0.0,0.0,0.0,0.0
4251.99985504,-0.404459267855,-0.046969987452,0.852285325527,0.231868177652,-0.68584561348,-1.20919561386,0.120416238904,0.240024104714,0.799981057644,-0.250945061445,0.862360537052,1.23069167137,0.12958522141,0.44892513752,0.0,0.0,0.0,0.0,0.0,0.0,0.0,0.0,0.0,0.0,0.0,0.0
4293.99991035,-0.398402959108,-0.0393028967083,0.850108385086,0.230958908796,-0.682554721832,-1.20385468006,0.120233282447,0.240024477243,0.862074553967,-0.250632613897,0.852721989155,1.24060761929,0.144474446774,0.438861101866,0.0,0.0,0.0,0.0,0.0,0.0,0.0,0.0,0.0,0.0,0.0,0.0
4343.99986267,-0.390377670527,-0.0291431508958,0.84726536274,0.229763552547,-0.67826706171,-1.19688487053,0.120003543794,0.24002481997,0.935302972794,-0.250341057777,0.840919315815,1.25222110748,0.162072375417,0.428684473038,0.0,0.0,0.0,0.0,0.0,0.0,0.0,0.0,0.0,0.0,0.0,0.0
4384.99999046,-0.385848551989,-0.0234094616026,0.845695197582,0.229096934199,-0.675907313824,-1.19304025173,0.119881287217,0.240024939179,0.969338953495,-0.250233560801,0.835275352001,1.25758969784,0.170265823603,0.425522267818,0.0,0.0,0.0,0.0,0.0,0.0,0.0,0.0,0.0,0.0,0.0,0.0
4434.99994278,-0.382068276405,-0.0186237692833,0.844420194626,0.228548869491,-0.673999428749,-1.18992304802,0.119784623384,0.240024983883,0.989100635052,-0.250328063965,0.832498550415,1.2607691288,0.175435170531,0.42511600256,0.0,0.0,0.0,0.0,0.0,0.0,0.0,0.0,0.0,0.0,0.0,0.0
4476.99999809,-0.379115670919,-0.0148858595639,0.843470275402,0.228131607175,-0.67258888483,-1.18760693073,0.119714327157,0.240024998784,1.0011100769,-0.250512391329,0.830643355846,1.26263034344,0.178420975804,0.42511600256,0.0,0.0,0.0,0.0,0.0,0.0,0.0,0.0,0.0,0.0,0.0,0.0
4517.99988747,-0.377069532871,-0.0122955078259,0.842863082886,0.227852880955,-0.671701490879,-1.18613481522,0.119670271873,0.240024998784,1.00841665268,-0.25069975853,0.829413115978,1.26371634007,0.180145576596,0.42511600256,0.0,0.0,0.0,0.0,0.0,0.0,0.0,0.0,0.0,0.0,0.0,0.0
4567.99983978,-0.375872373581,-0.0107799554244,0.842386841774,0.227619066834,-0.6710242033,-1.18499183655,0.119636468589,0.240024998784,1.01438844204,-0.250924050808,0.82831043005,1.26455724239,0.181468635798,0.42511600256,0.0,0.0,0.0,0.0,0.0,0.0,0.0,0.0,0.0,0.0,0.0,0.0
4608.99996758,-0.375872373581,-0.0107799554244,0.842225313187,0.227534249425,-0.670801818371,-1.18460893631,0.119625300169,0.240024998784,1.01650524139,-0.251029849052,0.827883601189,1.26483750343,0.181905910373,0.42511600256,0.0,0.0,0.0,0.0,0.0,0.0,0.0,0.0,0.0,0.0,0.0,0.0
4657.99999237,-0.375872373581,-0.0107799554244,0.84213000536,0.227481797338,-0.670674085617,-1.1843855381,0.119618847966,0.240024998784,1.01779615879,-0.2511061728,0.827607214451,1.26500046253,0.182158470154,0.42511600256,0.0,0.0,0.0,0.0,0.0,0.0,0.0,0.0,0.0,0.0,0.0,0.0
4698.99988174,-0.375872373581,-0.0107799554244,0.84207367897,0.227449417114,-0.670600771904,-1.18425512314,0.119615122676,0.240024998784,1.01858377457,-0.251159697771,0.827429175377,1.2650949955,0.182304367423,0.42511600256,0.0,0.0,0.0,0.0,0.0,0.0,0.0,0.0,0.0,0.0,0.0,0.0
4740.00000954,-0.375872373581,-0.0107799554244,0.842040359974,0.227429479361,-0.670558691025,-1.18417906761,0.119612969458,0.240024998784,1.01906454563,-0.251196414232,0.827315032482,1.26515007019,0.18238863349,0.42511600256,0.0,0.0,0.0,0.0,0.0,0.0,0.0,0.0,0.0,0.0,0.0,0.0